id,length,pes_number,file_size,output_size,submission_time,resource_id,vm_id,status,start_time,finish_time,waiting_time,execution_time,response_time
1,10000,1,3000,300,0.0,0,0,SUCCESS,0.0,40.0,0.0,40.0,40.0
2,50000,1,3000,300,0.0,1,1,SUCCESS,0.0,200.0,0.0,200.0,200.0
3,100000,1,3000,300,0.0,0,2,SUCCESS,0.0,400.0,0.0,400.0,400.0
4,10000,1,3000,300,0.0,1,3,SUCCESS,0.0,40.0,0.0,40.0,40.0
5,10000,1,3000,300,0.0,0,4,SUCCESS,0.0,40.0,0.0,40.0,40.0
6,50000,1,3000,300,0.0,1,5,SUCCESS,0.0,200.0,0.0,200.0,200.0
7,10000,1,3000,300,0.0,0,6,SUCCESS,0.0,40.0,0.0,40.0,40.0
8,100000,1,3000,300,0.0,1,7,SUCCESS,0.0,400.0,0.0,400.0,400.0
9,50000,1,3000,300,0.0,0,0,SUCCESS,40.0,240.0,40.0,200.0,240.0
10,10000,1,3000,300,0.0,1,1,SUCCESS,200.0,240.0,200.0,40.0,240.0
11,10000,1,3000,300,0.0,0,2,SUCCESS,400.0,440.0,400.0,40.0,440.0
12,50000,1,3000,300,0.0,1,3,SUCCESS,40.0,240.0,40.0,200.0,240.0
13,100000,1,3000,300,0.0,0,4,SUCCESS,40.0,440.0,40.0,400.0,440.0
14,10000,1,3000,300,0.0,1,5,SUCCESS,200.0,240.0,200.0,40.0,240.0
15,10000,1,3000,300,0.0,0,6,SUCCESS,40.0,80.0,40.0,40.0,80.0
16,50000,1,3000,300,0.0,1,7,SUCCESS,400.0,600.0,400.0,200.0,600.0
17,10000,1,3000,300,0.0,0,0,SUCCESS,240.0,280.0,240.0,40.0,280.0
18,100000,1,3000,300,0.0,1,1,SUCCESS,240.0,640.0,240.0,400.0,640.0
19,50000,1,3000,300,0.0,0,2,SUCCESS,440.0,640.0,440.0,200.0,640.0
20,10000,1,3000,300,0.0,1,3,SUCCESS,240.0,280.0,240.0,40.0,280.0
21,10000,1,3000,300,0.0,0,4,SUCCESS,440.0,480.0,440.0,40.0,480.0
22,50000,1,3000,300,0.0,1,5,SUCCESS,240.0,440.0,240.0,200.0,440.0
23,100000,1,3000,300,0.0,0,6,SUCCESS,80.0,480.0,80.0,400.0,480.0
24,10000,1,3000,300,0.0,1,7,SUCCESS,600.0,640.0,600.0,40.0,640.0
25,10000,1,3000,300,0.0,0,0,SUCCESS,280.0,320.0,280.0,40.0,320.0
26,50000,1,3000,300,0.0,1,1,SUCCESS,640.0,840.0,640.0,200.0,840.0
27,10000,1,3000,300,0.0,0,2,SUCCESS,640.0,680.0,640.0,40.0,680.0
28,100000,1,3000,300,0.0,1,3,SUCCESS,280.0,680.0,280.0,400.0,680.0
29,50000,1,3000,300,0.0,0,4,SUCCESS,480.0,680.0,480.0,200.0,680.0
30,10000,1,3000,300,0.0,1,5,SUCCESS,440.0,480.0,440.0,40.0,480.0
31,10000,1,3000,300,0.0,0,6,SUCCESS,480.0,520.0,480.0,40.0,520.0
32,50000,1,3000,300,0.0,1,7,SUCCESS,640.0,840.0,640.0,200.0,840.0
33,100000,1,3000,300,0.0,0,0,SUCCESS,320.0,720.0,320.0,400.0,720.0
34,10000,1,3000,300,0.0,1,1,SUCCESS,840.0,880.0,840.0,40.0,880.0
35,10000,1,3000,300,0.0,0,2,SUCCESS,680.0,720.0,680.0,40.0,720.0
36,50000,1,3000,300,0.0,1,3,SUCCESS,680.0,880.0,680.0,200.0,880.0
37,10000,1,3000,300,0.0,0,4,SUCCESS,680.0,720.0,680.0,40.0,720.0
38,100000,1,3000,300,0.0,1,5,SUCCESS,480.0,880.0,480.0,400.0,880.0
39,50000,1,3000,300,0.0,0,6,SUCCESS,520.0,720.0,520.0,200.0,720.0
40,10000,1,3000,300,0.0,1,7,SUCCESS,840.0,880.0,840.0,40.0,880.0
41,10000,1,3000,300,0.0,0,0,SUCCESS,720.0,760.0,720.0,40.0,760.0
42,50000,1,3000,300,0.0,1,1,SUCCESS,880.0,1080.0,880.0,200.0,1080.0
43,100000,1,3000,300,0.0,0,2,SUCCESS,720.0,1120.0,720.0,400.0,1120.0
44,10000,1,3000,300,0.0,1,3,SUCCESS,880.0,920.0,880.0,40.0,920.0
45,10000,1,3000,300,0.0,0,4,SUCCESS,720.0,760.0,720.0,40.0,760.0
46,50000,1,3000,300,0.0,1,5,SUCCESS,880.0,1080.0,880.0,200.0,1080.0
47,10000,1,3000,300,0.0,0,6,SUCCESS,720.0,760.0,720.0,40.0,760.0
48,100000,1,3000,300,0.0,1,7,SUCCESS,880.0,1280.0,880.0,400.0,1280.0
49,50000,1,3000,300,0.0,0,0,SUCCESS,760.0,960.0,760.0,200.0,960.0
50,10000,1,3000,300,0.0,1,1,SUCCESS,1080.0,1120.0,1080.0,40.0,1120.0
51,10000,1,3000,300,0.0,0,2,SUCCESS,1120.0,1160.0,1120.0,40.0,1160.0
52,50000,1,3000,300,0.0,1,3,SUCCESS,920.0,1120.0,920.0,200.0,1120.0
53,100000,1,3000,300,0.0,0,4,SUCCESS,760.0,1160.0,760.0,400.0,1160.0
54,10000,1,3000,300,0.0,1,5,SUCCESS,1080.0,1120.0,1080.0,40.0,1120.0
55,10000,1,3000,300,0.0,0,6,SUCCESS,760.0,800.0,760.0,40.0,800.0
56,50000,1,3000,300,0.0,1,7,SUCCESS,1280.0,1480.0,1280.0,200.0,1480.0
57,10000,1,3000,300,0.0,0,0,SUCCESS,960.0,1000.0,960.0,40.0,1000.0
58,100000,1,3000,300,0.0,1,1,SUCCESS,1120.0,1520.0,1120.0,400.0,1520.0
59,50000,1,3000,300,0.0,0,2,SUCCESS,1160.0,1360.0,1160.0,200.0,1360.0
60,10000,1,3000,300,0.0,1,3,SUCCESS,1120.0,1160.0,1120.0,40.0,1160.0
61,10000,1,3000,300,0.0,0,4,SUCCESS,1160.0,1200.0,1160.0,40.0,1200.0
62,50000,1,3000,300,0.0,1,5,SUCCESS,1120.0,1320.0,1120.0,200.0,1320.0
63,100000,1,3000,300,0.0,0,6,SUCCESS,800.0,1200.0,800.0,400.0,1200.0
64,10000,1,3000,300,0.0,1,7,SUCCESS,1480.0,1520.0,1480.0,40.0,1520.0
65,10000,1,3000,300,0.0,0,0,SUCCESS,1000.0,1040.0,1000.0,40.0,1040.0
66,50000,1,3000,300,0.0,1,1,SUCCESS,1520.0,1720.0,1520.0,200.0,1720.0
67,10000,1,3000,300,0.0,0,2,SUCCESS,1360.0,1400.0,1360.0,40.0,1400.0
68,100000,1,3000,300,0.0,1,3,SUCCESS,1160.0,1560.0,1160.0,400.0,1560.0
69,50000,1,3000,300,0.0,0,4,SUCCESS,1200.0,1400.0,1200.0,200.0,1400.0
70,10000,1,3000,300,0.0,1,5,SUCCESS,1320.0,1360.0,1320.0,40.0,1360.0
71,10000,1,3000,300,0.0,0,6,SUCCESS,1200.0,1240.0,1200.0,40.0,1240.0
72,50000,1,3000,300,0.0,1,7,SUCCESS,1520.0,1720.0,1520.0,200.0,1720.0
73,100000,1,3000,300,0.0,0,0,SUCCESS,1040.0,1440.0,1040.0,400.0,1440.0
74,10000,1,3000,300,0.0,1,1,SUCCESS,1720.0,1760.0,1720.0,40.0,1760.0
75,10000,1,3000,300,0.0,0,2,SUCCESS,1400.0,1440.0,1400.0,40.0,1440.0
76,50000,1,3000,300,0.0,1,3,SUCCESS,1560.0,1760.0,1560.0,200.0,1760.0
77,10000,1,3000,300,0.0,0,4,SUCCESS,1400.0,1440.0,1400.0,40.0,1440.0
78,100000,1,3000,300,0.0,1,5,SUCCESS,1360.0,1760.0,1360.0,400.0,1760.0
79,50000,1,3000,300,0.0,0,6,SUCCESS,1240.0,1440.0,1240.0,200.0,1440.0
80,10000,1,3000,300,0.0,1,7,SUCCESS,1720.0,1760.0,1720.0,40.0,1760.0
81,10000,1,3000,300,0.0,0,0,SUCCESS,1440.0,1480.0,1440.0,40.0,1480.0
82,50000,1,3000,300,0.0,1,1,SUCCESS,1760.0,1960.0,1760.0,200.0,1960.0
83,100000,1,3000,300,0.0,0,2,SUCCESS,1440.0,1840.0,1440.0,400.0,1840.0
84,10000,1,3000,300,0.0,1,3,SUCCESS,1760.0,1800.0,1760.0,40.0,1800.0
85,10000,1,3000,300,0.0,0,4,SUCCESS,1440.0,1480.0,1440.0,40.0,1480.0
86,50000,1,3000,300,0.0,1,5,SUCCESS,1760.0,1960.0,1760.0,200.0,1960.0
87,10000,1,3000,300,0.0,0,6,SUCCESS,1440.0,1480.0,1440.0,40.0,1480.0
88,100000,1,3000,300,0.0,1,7,SUCCESS,1760.0,2160.0,1760.0,400.0,2160.0
89,50000,1,3000,300,0.0,0,0,SUCCESS,1480.0,1680.0,1480.0,200.0,1680.0
90,10000,1,3000,300,0.0,1,1,SUCCESS,1960.0,2000.0,1960.0,40.0,2000.0
91,10000,1,3000,300,0.0,0,2,SUCCESS,1840.0,1880.0,1840.0,40.0,1880.0
92,50000,1,3000,300,0.0,1,3,SUCCESS,1800.0,2000.0,1800.0,200.0,2000.0
93,100000,1,3000,300,0.0,0,4,SUCCESS,1480.0,1880.0,1480.0,400.0,1880.0
94,10000,1,3000,300,0.0,1,5,SUCCESS,1960.0,2000.0,1960.0,40.0,2000.0
95,10000,1,3000,300,0.0,0,6,SUCCESS,1480.0,1520.0,1480.0,40.0,1520.0
96,50000,1,3000,300,0.0,1,7,SUCCESS,2160.0,2360.0,2160.0,200.0,2360.0
97,10000,1,3000,300,0.0,0,0,SUCCESS,1680.0,1720.0,1680.0,40.0,1720.0
98,100000,1,3000,300,0.0,1,1,SUCCESS,2000.0,2400.0,2000.0,400.0,2400.0
99,50000,1,3000,300,0.0,0,2,SUCCESS,1880.0,2080.0,1880.0,200.0,2080.0
100,10000,1,3000,300,0.0,1,3,SUCCESS,2000.0,2040.0,2000.0,40.0,2040.0
101,10000,1,3000,300,0.0,0,4,SUCCESS,1880.0,1920.0,1880.0,40.0,1920.0
102,50000,1,3000,300,0.0,1,5,SUCCESS,2000.0,2200.0,2000.0,200.0,2200.0
103,100000,1,3000,300,0.0,0,6,SUCCESS,1520.0,1920.0,1520.0,400.0,1920.0
104,10000,1,3000,300,0.0,1,7,SUCCESS,2360.0,2400.0,2360.0,40.0,2400.0
105,10000,1,3000,300,0.0,0,0,SUCCESS,1720.0,1760.0,1720.0,40.0,1760.0
106,50000,1,3000,300,0.0,1,1,SUCCESS,2400.0,2600.0,2400.0,200.0,2600.0
107,10000,1,3000,300,0.0,0,2,SUCCESS,2080.0,2120.0,2080.0,40.0,2120.0
108,100000,1,3000,300,0.0,1,3,SUCCESS,2040.0,2440.0,2040.0,400.0,2440.0
109,50000,1,3000,300,0.0,0,4,SUCCESS,1920.0,2120.0,1920.0,200.0,2120.0
110,10000,1,3000,300,0.0,1,5,SUCCESS,2200.0,2240.0,2200.0,40.0,2240.0
111,10000,1,3000,300,0.0,0,6,SUCCESS,1920.0,1960.0,1920.0,40.0,1960.0
112,50000,1,3000,300,0.0,1,7,SUCCESS,2400.0,2600.0,2400.0,200.0,2600.0
113,100000,1,3000,300,0.0,0,0,SUCCESS,1760.0,2160.0,1760.0,400.0,2160.0
114,10000,1,3000,300,0.0,1,1,SUCCESS,2600.0,2640.0,2600.0,40.0,2640.0
115,10000,1,3000,300,0.0,0,2,SUCCESS,2120.0,2160.0,2120.0,40.0,2160.0
116,50000,1,3000,300,0.0,1,3,SUCCESS,2440.0,2640.0,2440.0,200.0,2640.0
117,10000,1,3000,300,0.0,0,4,SUCCESS,2120.0,2160.0,2120.0,40.0,2160.0
118,100000,1,3000,300,0.0,1,5,SUCCESS,2240.0,2640.0,2240.0,400.0,2640.0
119,50000,1,3000,300,0.0,0,6,SUCCESS,1960.0,2160.0,1960.0,200.0,2160.0
120,10000,1,3000,300,0.0,1,7,SUCCESS,2600.0,2640.0,2600.0,40.0,2640.0
121,10000,1,3000,300,0.0,0,0,SUCCESS,2160.0,2200.0,2160.0,40.0,2200.0
122,50000,1,3000,300,0.0,1,1,SUCCESS,2640.0,2840.0,2640.0,200.0,2840.0
123,100000,1,3000,300,0.0,0,2,SUCCESS,2160.0,2560.0,2160.0,400.0,2560.0
124,10000,1,3000,300,0.0,1,3,SUCCESS,2640.0,2680.0,2640.0,40.0,2680.0
125,10000,1,3000,300,0.0,0,4,SUCCESS,2160.0,2200.0,2160.0,40.0,2200.0
126,50000,1,3000,300,0.0,1,5,SUCCESS,2640.0,2840.0,2640.0,200.0,2840.0
127,10000,1,3000,300,0.0,0,6,SUCCESS,2160.0,2200.0,2160.0,40.0,2200.0
128,100000,1,3000,300,0.0,1,7,SUCCESS,2640.0,3040.0,2640.0,400.0,3040.0
129,50000,1,3000,300,0.0,0,0,SUCCESS,2200.0,2400.0,2200.0,200.0,2400.0
130,10000,1,3000,300,0.0,1,1,SUCCESS,2840.0,2880.0,2840.0,40.0,2880.0
131,10000,1,3000,300,0.0,0,2,SUCCESS,2560.0,2600.0,2560.0,40.0,2600.0
132,50000,1,3000,300,0.0,1,3,SUCCESS,2680.0,2880.0,2680.0,200.0,2880.0
133,100000,1,3000,300,0.0,0,4,SUCCESS,2200.0,2600.0,2200.0,400.0,2600.0
134,10000,1,3000,300,0.0,1,5,SUCCESS,2840.0,2880.0,2840.0,40.0,2880.0
135,10000,1,3000,300,0.0,0,6,SUCCESS,2200.0,2240.0,2200.0,40.0,2240.0
136,50000,1,3000,300,0.0,1,7,SUCCESS,3040.0,3240.0,3040.0,200.0,3240.0
137,10000,1,3000,300,0.0,0,0,SUCCESS,2400.0,2440.0,2400.0,40.0,2440.0
138,100000,1,3000,300,0.0,1,1,SUCCESS,2880.0,3280.0,2880.0,400.0,3280.0
139,50000,1,3000,300,0.0,0,2,SUCCESS,2600.0,2800.0,2600.0,200.0,2800.0
140,10000,1,3000,300,0.0,1,3,SUCCESS,2880.0,2920.0,2880.0,40.0,2920.0
141,10000,1,3000,300,0.0,0,4,SUCCESS,2600.0,2640.0,2600.0,40.0,2640.0
142,50000,1,3000,300,0.0,1,5,SUCCESS,2880.0,3080.0,2880.0,200.0,3080.0
143,100000,1,3000,300,0.0,0,6,SUCCESS,2240.0,2640.0,2240.0,400.0,2640.0
144,10000,1,3000,300,0.0,1,7,SUCCESS,3240.0,3280.0,3240.0,40.0,3280.0
145,10000,1,3000,300,0.0,0,0,SUCCESS,2440.0,2480.0,2440.0,40.0,2480.0
146,50000,1,3000,300,0.0,1,1,SUCCESS,3280.0,3480.0,3280.0,200.0,3480.0
147,10000,1,3000,300,0.0,0,2,SUCCESS,2800.0,2840.0,2800.0,40.0,2840.0
148,100000,1,3000,300,0.0,1,3,SUCCESS,2920.0,3320.0,2920.0,400.0,3320.0
149,50000,1,3000,300,0.0,0,4,SUCCESS,2640.0,2840.0,2640.0,200.0,2840.0
150,10000,1,3000,300,0.0,1,5,SUCCESS,3080.0,3120.0,3080.0,40.0,3120.0
151,10000,1,3000,300,0.0,0,6,SUCCESS,2640.0,2680.0,2640.0,40.0,2680.0
152,50000,1,3000,300,0.0,1,7,SUCCESS,3280.0,3480.0,3280.0,200.0,3480.0
153,100000,1,3000,300,0.0,0,0,SUCCESS,2480.0,2880.0,2480.0,400.0,2880.0
154,10000,1,3000,300,0.0,1,1,SUCCESS,3480.0,3520.0,3480.0,40.0,3520.0
155,10000,1,3000,300,0.0,0,2,SUCCESS,2840.0,2880.0,2840.0,40.0,2880.0
156,50000,1,3000,300,0.0,1,3,SUCCESS,3320.0,3520.0,3320.0,200.0,3520.0
157,10000,1,3000,300,0.0,0,4,SUCCESS,2840.0,2880.0,2840.0,40.0,2880.0
158,100000,1,3000,300,0.0,1,5,SUCCESS,3120.0,3520.0,3120.0,400.0,3520.0
159,50000,1,3000,300,0.0,0,6,SUCCESS,2680.0,2880.0,2680.0,200.0,2880.0
160,10000,1,3000,300,0.0,1,7,SUCCESS,3480.0,3520.0,3480.0,40.0,3520.0
161,10000,1,3000,300,0.0,0,0,SUCCESS,2880.0,2920.0,2880.0,40.0,2920.0
162,50000,1,3000,300,0.0,1,1,SUCCESS,3520.0,3720.0,3520.0,200.0,3720.0
163,100000,1,3000,300,0.0,0,2,SUCCESS,2880.0,3280.0,2880.0,400.0,3280.0
164,10000,1,3000,300,0.0,1,3,SUCCESS,3520.0,3560.0,3520.0,40.0,3560.0
165,10000,1,3000,300,0.0,0,4,SUCCESS,2880.0,2920.0,2880.0,40.0,2920.0
166,50000,1,3000,300,0.0,1,5,SUCCESS,3520.0,3720.0,3520.0,200.0,3720.0
167,10000,1,3000,300,0.0,0,6,SUCCESS,2880.0,2920.0,2880.0,40.0,2920.0
168,100000,1,3000,300,0.0,1,7,SUCCESS,3520.0,3920.0,3520.0,400.0,3920.0
169,50000,1,3000,300,0.0,0,0,SUCCESS,2920.0,3120.0,2920.0,200.0,3120.0
170,10000,1,3000,300,0.0,1,1,SUCCESS,3720.0,3760.0,3720.0,40.0,3760.0
171,10000,1,3000,300,0.0,0,2,SUCCESS,3280.0,3320.0,3280.0,40.0,3320.0
172,50000,1,3000,300,0.0,1,3,SUCCESS,3560.0,3760.0,3560.0,200.0,3760.0
173,100000,1,3000,300,0.0,0,4,SUCCESS,2920.0,3320.0,2920.0,400.0,3320.0
174,10000,1,3000,300,0.0,1,5,SUCCESS,3720.0,3760.0,3720.0,40.0,3760.0
175,10000,1,3000,300,0.0,0,6,SUCCESS,2920.0,2960.0,2920.0,40.0,2960.0
176,50000,1,3000,300,0.0,1,7,SUCCESS,3920.0,4120.0,3920.0,200.0,4120.0
177,10000,1,3000,300,0.0,0,0,SUCCESS,3120.0,3160.0,3120.0,40.0,3160.0
178,100000,1,3000,300,0.0,1,1,SUCCESS,3760.0,4160.0,3760.0,400.0,4160.0
179,50000,1,3000,300,0.0,0,2,SUCCESS,3320.0,3520.0,3320.0,200.0,3520.0
180,10000,1,3000,300,0.0,1,3,SUCCESS,3760.0,3800.0,3760.0,40.0,3800.0
181,10000,1,3000,300,0.0,0,4,SUCCESS,3320.0,3360.0,3320.0,40.0,3360.0
182,50000,1,3000,300,0.0,1,5,SUCCESS,3760.0,3960.0,3760.0,200.0,3960.0
183,100000,1,3000,300,0.0,0,6,SUCCESS,2960.0,3360.0,2960.0,400.0,3360.0
184,10000,1,3000,300,0.0,1,7,SUCCESS,4120.0,4160.0,4120.0,40.0,4160.0
185,10000,1,3000,300,0.0,0,0,SUCCESS,3160.0,3200.0,3160.0,40.0,3200.0
186,50000,1,3000,300,0.0,1,1,SUCCESS,4160.0,4360.0,4160.0,200.0,4360.0
187,10000,1,3000,300,0.0,0,2,SUCCESS,3520.0,3560.0,3520.0,40.0,3560.0
188,100000,1,3000,300,0.0,1,3,SUCCESS,3800.0,4200.0,3800.0,400.0,4200.0
189,50000,1,3000,300,0.0,0,4,SUCCESS,3360.0,3560.0,3360.0,200.0,3560.0
190,10000,1,3000,300,0.0,1,5,SUCCESS,3960.0,4000.0,3960.0,40.0,4000.0
191,10000,1,3000,300,0.0,0,6,SUCCESS,3360.0,3400.0,3360.0,40.0,3400.0
192,50000,1,3000,300,0.0,1,7,SUCCESS,4160.0,4360.0,4160.0,200.0,4360.0
193,100000,1,3000,300,0.0,0,0,SUCCESS,3200.0,3600.0,3200.0,400.0,3600.0
194,10000,1,3000,300,0.0,1,1,SUCCESS,4360.0,4400.0,4360.0,40.0,4400.0
195,10000,1,3000,300,0.0,0,2,SUCCESS,3560.0,3600.0,3560.0,40.0,3600.0
196,50000,1,3000,300,0.0,1,3,SUCCESS,4200.0,4400.0,4200.0,200.0,4400.0
197,10000,1,3000,300,0.0,0,4,SUCCESS,3560.0,3600.0,3560.0,40.0,3600.0
198,100000,1,3000,300,0.0,1,5,SUCCESS,4000.0,4400.0,4000.0,400.0,4400.0
199,50000,1,3000,300,0.0,0,6,SUCCESS,3400.0,3600.0,3400.0,200.0,3600.0
200,10000,1,3000,300,0.0,1,7,SUCCESS,4360.0,4400.0,4360.0,40.0,4400.0
201,10000,1,3000,300,0.0,0,0,SUCCESS,3600.0,3640.0,3600.0,40.0,3640.0
202,50000,1,3000,300,0.0,1,1,SUCCESS,4400.0,4600.0,4400.0,200.0,4600.0
203,100000,1,3000,300,0.0,0,2,SUCCESS,3600.0,4000.0,3600.0,400.0,4000.0
204,10000,1,3000,300,0.0,1,3,SUCCESS,4400.0,4440.0,4400.0,40.0,4440.0
205,10000,1,3000,300,0.0,0,4,SUCCESS,3600.0,3640.0,3600.0,40.0,3640.0
206,50000,1,3000,300,0.0,1,5,SUCCESS,4400.0,4600.0,4400.0,200.0,4600.0
207,10000,1,3000,300,0.0,0,6,SUCCESS,3600.0,3640.0,3600.0,40.0,3640.0
208,100000,1,3000,300,0.0,1,7,SUCCESS,4400.0,4800.0,4400.0,400.0,4800.0
209,50000,1,3000,300,0.0,0,0,SUCCESS,3640.0,3840.0,3640.0,200.0,3840.0
210,10000,1,3000,300,0.0,1,1,SUCCESS,4600.0,4640.0,4600.0,40.0,4640.0
211,10000,1,3000,300,0.0,0,2,SUCCESS,4000.0,4040.0,4000.0,40.0,4040.0
212,50000,1,3000,300,0.0,1,3,SUCCESS,4440.0,4640.0,4440.0,200.0,4640.0
213,100000,1,3000,300,0.0,0,4,SUCCESS,3640.0,4040.0,3640.0,400.0,4040.0
214,10000,1,3000,300,0.0,1,5,SUCCESS,4600.0,4640.0,4600.0,40.0,4640.0
215,10000,1,3000,300,0.0,0,6,SUCCESS,3640.0,3680.0,3640.0,40.0,3680.0
216,50000,1,3000,300,0.0,1,7,SUCCESS,4800.0,5000.0,4800.0,200.0,5000.0
217,10000,1,3000,300,0.0,0,0,SUCCESS,3840.0,3880.0,3840.0,40.0,3880.0
218,100000,1,3000,300,0.0,1,1,SUCCESS,4640.0,5040.0,4640.0,400.0,5040.0
219,50000,1,3000,300,0.0,0,2,SUCCESS,4040.0,4240.0,4040.0,200.0,4240.0
220,10000,1,3000,300,0.0,1,3,SUCCESS,4640.0,4680.0,4640.0,40.0,4680.0
221,10000,1,3000,300,0.0,0,4,SUCCESS,4040.0,4080.0,4040.0,40.0,4080.0
222,50000,1,3000,300,0.0,1,5,SUCCESS,4640.0,4840.0,4640.0,200.0,4840.0
223,100000,1,3000,300,0.0,0,6,SUCCESS,3680.0,4080.0,3680.0,400.0,4080.0
224,10000,1,3000,300,0.0,1,7,SUCCESS,5000.0,5040.0,5000.0,40.0,5040.0
225,10000,1,3000,300,0.0,0,0,SUCCESS,3880.0,3920.0,3880.0,40.0,3920.0
226,50000,1,3000,300,0.0,1,1,SUCCESS,5040.0,5240.0,5040.0,200.0,5240.0
227,10000,1,3000,300,0.0,0,2,SUCCESS,4240.0,4280.0,4240.0,40.0,4280.0
228,100000,1,3000,300,0.0,1,3,SUCCESS,4680.0,5080.0,4680.0,400.0,5080.0
229,50000,1,3000,300,0.0,0,4,SUCCESS,4080.0,4280.0,4080.0,200.0,4280.0
230,10000,1,3000,300,0.0,1,5,SUCCESS,4840.0,4880.0,4840.0,40.0,4880.0
231,10000,1,3000,300,0.0,0,6,SUCCESS,4080.0,4120.0,4080.0,40.0,4120.0
232,50000,1,3000,300,0.0,1,7,SUCCESS,5040.0,5240.0,5040.0,200.0,5240.0
233,100000,1,3000,300,0.0,0,0,SUCCESS,3920.0,4320.0,3920.0,400.0,4320.0
234,10000,1,3000,300,0.0,1,1,SUCCESS,5240.0,5280.0,5240.0,40.0,5280.0
235,10000,1,3000,300,0.0,0,2,SUCCESS,4280.0,4320.0,4280.0,40.0,4320.0
236,50000,1,3000,300,0.0,1,3,SUCCESS,5080.0,5280.0,5080.0,200.0,5280.0
237,10000,1,3000,300,0.0,0,4,SUCCESS,4280.0,4320.0,4280.0,40.0,4320.0
238,100000,1,3000,300,0.0,1,5,SUCCESS,4880.0,5280.0,4880.0,400.0,5280.0
239,50000,1,3000,300,0.0,0,6,SUCCESS,4120.0,4320.0,4120.0,200.0,4320.0
240,10000,1,3000,300,0.0,1,7,SUCCESS,5240.0,5280.0,5240.0,40.0,5280.0
241,10000,1,3000,300,0.0,0,0,SUCCESS,4320.0,4360.0,4320.0,40.0,4360.0
242,50000,1,3000,300,0.0,1,1,SUCCESS,5280.0,5480.0,5280.0,200.0,5480.0
243,100000,1,3000,300,0.0,0,2,SUCCESS,4320.0,4720.0,4320.0,400.0,4720.0
244,10000,1,3000,300,0.0,1,3,SUCCESS,5280.0,5320.0,5280.0,40.0,5320.0
245,10000,1,3000,300,0.0,0,4,SUCCESS,4320.0,4360.0,4320.0,40.0,4360.0
246,50000,1,3000,300,0.0,1,5,SUCCESS,5280.0,5480.0,5280.0,200.0,5480.0
247,10000,1,3000,300,0.0,0,6,SUCCESS,4320.0,4360.0,4320.0,40.0,4360.0
248,100000,1,3000,300,0.0,1,7,SUCCESS,5280.0,5680.0,5280.0,400.0,5680.0
249,50000,1,3000,300,0.0,0,0,SUCCESS,4360.0,4560.0,4360.0,200.0,4560.0
250,10000,1,3000,300,0.0,1,1,SUCCESS,5480.0,5520.0,5480.0,40.0,5520.0
251,10000,1,3000,300,0.0,0,2,SUCCESS,4720.0,4760.0,4720.0,40.0,4760.0
252,50000,1,3000,300,0.0,1,3,SUCCESS,5320.0,5520.0,5320.0,200.0,5520.0
253,100000,1,3000,300,0.0,0,4,SUCCESS,4360.0,4760.0,4360.0,400.0,4760.0
254,10000,1,3000,300,0.0,1,5,SUCCESS,5480.0,5520.0,5480.0,40.0,5520.0
255,10000,1,3000,300,0.0,0,6,SUCCESS,4360.0,4400.0,4360.0,40.0,4400.0
256,50000,1,3000,300,0.0,1,7,SUCCESS,5680.0,5880.0,5680.0,200.0,5880.0
257,10000,1,3000,300,0.0,0,0,SUCCESS,4560.0,4600.0,4560.0,40.0,4600.0
258,100000,1,3000,300,0.0,1,1,SUCCESS,5520.0,5920.0,5520.0,400.0,5920.0
259,50000,1,3000,300,0.0,0,2,SUCCESS,4760.0,4960.0,4760.0,200.0,4960.0
260,10000,1,3000,300,0.0,1,3,SUCCESS,5520.0,5560.0,5520.0,40.0,5560.0
261,10000,1,3000,300,0.0,0,4,SUCCESS,4760.0,4800.0,4760.0,40.0,4800.0
262,50000,1,3000,300,0.0,1,5,SUCCESS,5520.0,5720.0,5520.0,200.0,5720.0
263,100000,1,3000,300,0.0,0,6,SUCCESS,4400.0,4800.0,4400.0,400.0,4800.0
264,10000,1,3000,300,0.0,1,7,SUCCESS,5880.0,5920.0,5880.0,40.0,5920.0
265,10000,1,3000,300,0.0,0,0,SUCCESS,4600.0,4640.0,4600.0,40.0,4640.0
266,50000,1,3000,300,0.0,1,1,SUCCESS,5920.0,6120.0,5920.0,200.0,6120.0
267,10000,1,3000,300,0.0,0,2,SUCCESS,4960.0,5000.0,4960.0,40.0,5000.0
268,100000,1,3000,300,0.0,1,3,SUCCESS,5560.0,5960.0,5560.0,400.0,5960.0
269,50000,1,3000,300,0.0,0,4,SUCCESS,4800.0,5000.0,4800.0,200.0,5000.0
270,10000,1,3000,300,0.0,1,5,SUCCESS,5720.0,5760.0,5720.0,40.0,5760.0
271,10000,1,3000,300,0.0,0,6,SUCCESS,4800.0,4840.0,4800.0,40.0,4840.0
272,50000,1,3000,300,0.0,1,7,SUCCESS,5920.0,6120.0,5920.0,200.0,6120.0
273,100000,1,3000,300,0.0,0,0,SUCCESS,4640.0,5040.0,4640.0,400.0,5040.0
274,10000,1,3000,300,0.0,1,1,SUCCESS,6120.0,6160.0,6120.0,40.0,6160.0
275,10000,1,3000,300,0.0,0,2,SUCCESS,5000.0,5040.0,5000.0,40.0,5040.0
276,50000,1,3000,300,0.0,1,3,SUCCESS,5960.0,6160.0,5960.0,200.0,6160.0
277,10000,1,3000,300,0.0,0,4,SUCCESS,5000.0,5040.0,5000.0,40.0,5040.0
278,100000,1,3000,300,0.0,1,5,SUCCESS,5760.0,6160.0,5760.0,400.0,6160.0
279,50000,1,3000,300,0.0,0,6,SUCCESS,4840.0,5040.0,4840.0,200.0,5040.0
280,10000,1,3000,300,0.0,1,7,SUCCESS,6120.0,6160.0,6120.0,40.0,6160.0
281,10000,1,3000,300,0.0,0,0,SUCCESS,5040.0,5080.0,5040.0,40.0,5080.0
282,50000,1,3000,300,0.0,1,1,SUCCESS,6160.0,6360.0,6160.0,200.0,6360.0
283,100000,1,3000,300,0.0,0,2,SUCCESS,5040.0,5440.0,5040.0,400.0,5440.0
284,10000,1,3000,300,0.0,1,3,SUCCESS,6160.0,6200.0,6160.0,40.0,6200.0
285,10000,1,3000,300,0.0,0,4,SUCCESS,5040.0,5080.0,5040.0,40.0,5080.0
286,50000,1,3000,300,0.0,1,5,SUCCESS,6160.0,6360.0,6160.0,200.0,6360.0
287,10000,1,3000,300,0.0,0,6,SUCCESS,5040.0,5080.0,5040.0,40.0,5080.0
288,100000,1,3000,300,0.0,1,7,SUCCESS,6160.0,6560.0,6160.0,400.0,6560.0
289,50000,1,3000,300,0.0,0,0,SUCCESS,5080.0,5280.0,5080.0,200.0,5280.0
290,10000,1,3000,300,0.0,1,1,SUCCESS,6360.0,6400.0,6360.0,40.0,6400.0
291,10000,1,3000,300,0.0,0,2,SUCCESS,5440.0,5480.0,5440.0,40.0,5480.0
292,50000,1,3000,300,0.0,1,3,SUCCESS,6200.0,6400.0,6200.0,200.0,6400.0
293,100000,1,3000,300,0.0,0,4,SUCCESS,5080.0,5480.0,5080.0,400.0,5480.0
294,10000,1,3000,300,0.0,1,5,SUCCESS,6360.0,6400.0,6360.0,40.0,6400.0
295,10000,1,3000,300,0.0,0,6,SUCCESS,5080.0,5120.0,5080.0,40.0,5120.0
296,50000,1,3000,300,0.0,1,7,SUCCESS,6560.0,6760.0,6560.0,200.0,6760.0
297,10000,1,3000,300,0.0,0,0,SUCCESS,5280.0,5320.0,5280.0,40.0,5320.0
298,100000,1,3000,300,0.0,1,1,SUCCESS,6400.0,6800.0,6400.0,400.0,6800.0
299,50000,1,3000,300,0.0,0,2,SUCCESS,5480.0,5680.0,5480.0,200.0,5680.0
300,10000,1,3000,300,0.0,1,3,SUCCESS,6400.0,6440.0,6400.0,40.0,6440.0
301,10000,1,3000,300,0.0,0,4,SUCCESS,5480.0,5520.0,5480.0,40.0,5520.0
302,50000,1,3000,300,0.0,1,5,SUCCESS,6400.0,6600.0,6400.0,200.0,6600.0
303,100000,1,3000,300,0.0,0,6,SUCCESS,5120.0,5520.0,5120.0,400.0,5520.0
304,10000,1,3000,300,0.0,1,7,SUCCESS,6760.0,6800.0,6760.0,40.0,6800.0
305,10000,1,3000,300,0.0,0,0,SUCCESS,5320.0,5360.0,5320.0,40.0,5360.0
306,50000,1,3000,300,0.0,1,1,SUCCESS,6800.0,7000.0,6800.0,200.0,7000.0
307,10000,1,3000,300,0.0,0,2,SUCCESS,5680.0,5720.0,5680.0,40.0,5720.0
308,100000,1,3000,300,0.0,1,3,SUCCESS,6440.0,6840.0,6440.0,400.0,6840.0
309,50000,1,3000,300,0.0,0,4,SUCCESS,5520.0,5720.0,5520.0,200.0,5720.0
310,10000,1,3000,300,0.0,1,5,SUCCESS,6600.0,6640.0,6600.0,40.0,6640.0
311,10000,1,3000,300,0.0,0,6,SUCCESS,5520.0,5560.0,5520.0,40.0,5560.0
312,50000,1,3000,300,0.0,1,7,SUCCESS,6800.0,7000.0,6800.0,200.0,7000.0
313,100000,1,3000,300,0.0,0,0,SUCCESS,5360.0,5760.0,5360.0,400.0,5760.0
314,10000,1,3000,300,0.0,1,1,SUCCESS,7000.0,7040.0,7000.0,40.0,7040.0
315,10000,1,3000,300,0.0,0,2,SUCCESS,5720.0,5760.0,5720.0,40.0,5760.0
316,50000,1,3000,300,0.0,1,3,SUCCESS,6840.0,7040.0,6840.0,200.0,7040.0
317,10000,1,3000,300,0.0,0,4,SUCCESS,5720.0,5760.0,5720.0,40.0,5760.0
318,100000,1,3000,300,0.0,1,5,SUCCESS,6640.0,7040.0,6640.0,400.0,7040.0
319,50000,1,3000,300,0.0,0,6,SUCCESS,5560.0,5760.0,5560.0,200.0,5760.0
320,10000,1,3000,300,0.0,1,7,SUCCESS,7000.0,7040.0,7000.0,40.0,7040.0
321,10000,1,3000,300,0.0,0,0,SUCCESS,5760.0,5800.0,5760.0,40.0,5800.0
322,50000,1,3000,300,0.0,1,1,SUCCESS,7040.0,7240.0,7040.0,200.0,7240.0
323,100000,1,3000,300,0.0,0,2,SUCCESS,5760.0,6160.0,5760.0,400.0,6160.0
324,10000,1,3000,300,0.0,1,3,SUCCESS,7040.0,7080.0,7040.0,40.0,7080.0
325,10000,1,3000,300,0.0,0,4,SUCCESS,5760.0,5800.0,5760.0,40.0,5800.0
326,50000,1,3000,300,0.0,1,5,SUCCESS,7040.0,7240.0,7040.0,200.0,7240.0
327,10000,1,3000,300,0.0,0,6,SUCCESS,5760.0,5800.0,5760.0,40.0,5800.0
328,100000,1,3000,300,0.0,1,7,SUCCESS,7040.0,7440.0,7040.0,400.0,7440.0
329,50000,1,3000,300,0.0,0,0,SUCCESS,5800.0,6000.0,5800.0,200.0,6000.0
330,10000,1,3000,300,0.0,1,1,SUCCESS,7240.0,7280.0,7240.0,40.0,7280.0
331,10000,1,3000,300,0.0,0,2,SUCCESS,6160.0,6200.0,6160.0,40.0,6200.0
332,50000,1,3000,300,0.0,1,3,SUCCESS,7080.0,7280.0,7080.0,200.0,7280.0
333,100000,1,3000,300,0.0,0,4,SUCCESS,5800.0,6200.0,5800.0,400.0,6200.0
334,10000,1,3000,300,0.0,1,5,SUCCESS,7240.0,7280.0,7240.0,40.0,7280.0
335,10000,1,3000,300,0.0,0,6,SUCCESS,5800.0,5840.0,5800.0,40.0,5840.0
336,50000,1,3000,300,0.0,1,7,SUCCESS,7440.0,7640.0,7440.0,200.0,7640.0
337,10000,1,3000,300,0.0,0,0,SUCCESS,6000.0,6040.0,6000.0,40.0,6040.0
338,100000,1,3000,300,0.0,1,1,SUCCESS,7280.0,7680.0,7280.0,400.0,7680.0
339,50000,1,3000,300,0.0,0,2,SUCCESS,6200.0,6400.0,6200.0,200.0,6400.0
340,10000,1,3000,300,0.0,1,3,SUCCESS,7280.0,7320.0,7280.0,40.0,7320.0
341,10000,1,3000,300,0.0,0,4,SUCCESS,6200.0,6240.0,6200.0,40.0,6240.0
342,50000,1,3000,300,0.0,1,5,SUCCESS,7280.0,7480.0,7280.0,200.0,7480.0
343,100000,1,3000,300,0.0,0,6,SUCCESS,5840.0,6240.0,5840.0,400.0,6240.0
344,10000,1,3000,300,0.0,1,7,SUCCESS,7640.0,7680.0,7640.0,40.0,7680.0
345,10000,1,3000,300,0.0,0,0,SUCCESS,6040.0,6080.0,6040.0,40.0,6080.0
346,50000,1,3000,300,0.0,1,1,SUCCESS,7680.0,7880.0,7680.0,200.0,7880.0
347,10000,1,3000,300,0.0,0,2,SUCCESS,6400.0,6440.0,6400.0,40.0,6440.0
348,100000,1,3000,300,0.0,1,3,SUCCESS,7320.0,7720.0,7320.0,400.0,7720.0
349,50000,1,3000,300,0.0,0,4,SUCCESS,6240.0,6440.0,6240.0,200.0,6440.0
350,10000,1,3000,300,0.0,1,5,SUCCESS,7480.0,7520.0,7480.0,40.0,7520.0
351,10000,1,3000,300,0.0,0,6,SUCCESS,6240.0,6280.0,6240.0,40.0,6280.0
352,50000,1,3000,300,0.0,1,7,SUCCESS,7680.0,7880.0,7680.0,200.0,7880.0
353,100000,1,3000,300,0.0,0,0,SUCCESS,6080.0,6480.0,6080.0,400.0,6480.0
354,10000,1,3000,300,0.0,1,1,SUCCESS,7880.0,7920.0,7880.0,40.0,7920.0
355,10000,1,3000,300,0.0,0,2,SUCCESS,6440.0,6480.0,6440.0,40.0,6480.0
356,50000,1,3000,300,0.0,1,3,SUCCESS,7720.0,7920.0,7720.0,200.0,7920.0
357,10000,1,3000,300,0.0,0,4,SUCCESS,6440.0,6480.0,6440.0,40.0,6480.0
358,100000,1,3000,300,0.0,1,5,SUCCESS,7520.0,7920.0,7520.0,400.0,7920.0
359,50000,1,3000,300,0.0,0,6,SUCCESS,6280.0,6480.0,6280.0,200.0,6480.0
360,10000,1,3000,300,0.0,1,7,SUCCESS,7880.0,7920.0,7880.0,40.0,7920.0
361,10000,1,3000,300,0.0,0,0,SUCCESS,6480.0,6520.0,6480.0,40.0,6520.0
362,50000,1,3000,300,0.0,1,1,SUCCESS,7920.0,8120.0,7920.0,200.0,8120.0
363,100000,1,3000,300,0.0,0,2,SUCCESS,6480.0,6880.0,6480.0,400.0,6880.0
364,10000,1,3000,300,0.0,1,3,SUCCESS,7920.0,7960.0,7920.0,40.0,7960.0
365,10000,1,3000,300,0.0,0,4,SUCCESS,6480.0,6520.0,6480.0,40.0,6520.0
366,50000,1,3000,300,0.0,1,5,SUCCESS,7920.0,8120.0,7920.0,200.0,8120.0
367,10000,1,3000,300,0.0,0,6,SUCCESS,6480.0,6520.0,6480.0,40.0,6520.0
368,100000,1,3000,300,0.0,1,7,SUCCESS,7920.0,8320.0,7920.0,400.0,8320.0
369,50000,1,3000,300,0.0,0,0,SUCCESS,6520.0,6720.0,6520.0,200.0,6720.0
370,10000,1,3000,300,0.0,1,1,SUCCESS,8120.0,8160.0,8120.0,40.0,8160.0
371,10000,1,3000,300,0.0,0,2,SUCCESS,6880.0,6920.0,6880.0,40.0,6920.0
372,50000,1,3000,300,0.0,1,3,SUCCESS,7960.0,8160.0,7960.0,200.0,8160.0
373,100000,1,3000,300,0.0,0,4,SUCCESS,6520.0,6920.0,6520.0,400.0,6920.0
374,10000,1,3000,300,0.0,1,5,SUCCESS,8120.0,8160.0,8120.0,40.0,8160.0
375,10000,1,3000,300,0.0,0,6,SUCCESS,6520.0,6560.0,6520.0,40.0,6560.0
376,50000,1,3000,300,0.0,1,7,SUCCESS,8320.0,8520.0,8320.0,200.0,8520.0
377,10000,1,3000,300,0.0,0,0,SUCCESS,6720.0,6760.0,6720.0,40.0,6760.0
378,100000,1,3000,300,0.0,1,1,SUCCESS,8160.0,8560.0,8160.0,400.0,8560.0
379,50000,1,3000,300,0.0,0,2,SUCCESS,6920.0,7120.0,6920.0,200.0,7120.0
380,10000,1,3000,300,0.0,1,3,SUCCESS,8160.0,8200.0,8160.0,40.0,8200.0
381,10000,1,3000,300,0.0,0,4,SUCCESS,6920.0,6960.0,6920.0,40.0,6960.0
382,50000,1,3000,300,0.0,1,5,SUCCESS,8160.0,8360.0,8160.0,200.0,8360.0
383,100000,1,3000,300,0.0,0,6,SUCCESS,6560.0,6960.0,6560.0,400.0,6960.0
384,10000,1,3000,300,0.0,1,7,SUCCESS,8520.0,8560.0,8520.0,40.0,8560.0
385,10000,1,3000,300,0.0,0,0,SUCCESS,6760.0,6800.0,6760.0,40.0,6800.0
386,50000,1,3000,300,0.0,1,1,SUCCESS,8560.0,8760.0,8560.0,200.0,8760.0
387,10000,1,3000,300,0.0,0,2,SUCCESS,7120.0,7160.0,7120.0,40.0,7160.0
388,100000,1,3000,300,0.0,1,3,SUCCESS,8200.0,8600.0,8200.0,400.0,8600.0
389,50000,1,3000,300,0.0,0,4,SUCCESS,6960.0,7160.0,6960.0,200.0,7160.0
390,10000,1,3000,300,0.0,1,5,SUCCESS,8360.0,8400.0,8360.0,40.0,8400.0
391,10000,1,3000,300,0.0,0,6,SUCCESS,6960.0,7000.0,6960.0,40.0,7000.0
392,50000,1,3000,300,0.0,1,7,SUCCESS,8560.0,8760.0,8560.0,200.0,8760.0
393,100000,1,3000,300,0.0,0,0,SUCCESS,6800.0,7200.0,6800.0,400.0,7200.0
394,10000,1,3000,300,0.0,1,1,SUCCESS,8760.0,8800.0,8760.0,40.0,8800.0
395,10000,1,3000,300,0.0,0,2,SUCCESS,7160.0,7200.0,7160.0,40.0,7200.0
396,50000,1,3000,300,0.0,1,3,SUCCESS,8600.0,8800.0,8600.0,200.0,8800.0
397,10000,1,3000,300,0.0,0,4,SUCCESS,7160.0,7200.0,7160.0,40.0,7200.0
398,100000,1,3000,300,0.0,1,5,SUCCESS,8400.0,8800.0,8400.0,400.0,8800.0
399,50000,1,3000,300,0.0,0,6,SUCCESS,7000.0,7200.0,7000.0,200.0,7200.0
400,10000,1,3000,300,0.0,1,7,SUCCESS,8760.0,8800.0,8760.0,40.0,8800.0
401,10000,1,3000,300,0.0,0,0,SUCCESS,7200.0,7240.0,7200.0,40.0,7240.0
402,50000,1,3000,300,0.0,1,1,SUCCESS,8800.0,9000.0,8800.0,200.0,9000.0
403,100000,1,3000,300,0.0,0,2,SUCCESS,7200.0,7600.0,7200.0,400.0,7600.0
404,10000,1,3000,300,0.0,1,3,SUCCESS,8800.0,8840.0,8800.0,40.0,8840.0
405,10000,1,3000,300,0.0,0,4,SUCCESS,7200.0,7240.0,7200.0,40.0,7240.0
406,50000,1,3000,300,0.0,1,5,SUCCESS,8800.0,9000.0,8800.0,200.0,9000.0
407,10000,1,3000,300,0.0,0,6,SUCCESS,7200.0,7240.0,7200.0,40.0,7240.0
408,100000,1,3000,300,0.0,1,7,SUCCESS,8800.0,9200.0,8800.0,400.0,9200.0
409,50000,1,3000,300,0.0,0,0,SUCCESS,7240.0,7440.0,7240.0,200.0,7440.0
410,10000,1,3000,300,0.0,1,1,SUCCESS,9000.0,9040.0,9000.0,40.0,9040.0
411,10000,1,3000,300,0.0,0,2,SUCCESS,7600.0,7640.0,7600.0,40.0,7640.0
412,50000,1,3000,300,0.0,1,3,SUCCESS,8840.0,9040.0,8840.0,200.0,9040.0
413,100000,1,3000,300,0.0,0,4,SUCCESS,7240.0,7640.0,7240.0,400.0,7640.0
414,10000,1,3000,300,0.0,1,5,SUCCESS,9000.0,9040.0,9000.0,40.0,9040.0
415,10000,1,3000,300,0.0,0,6,SUCCESS,7240.0,7280.0,7240.0,40.0,7280.0
416,50000,1,3000,300,0.0,1,7,SUCCESS,9200.0,9400.0,9200.0,200.0,9400.0
417,10000,1,3000,300,0.0,0,0,SUCCESS,7440.0,7480.0,7440.0,40.0,7480.0
418,100000,1,3000,300,0.0,1,1,SUCCESS,9040.0,9440.0,9040.0,400.0,9440.0
419,50000,1,3000,300,0.0,0,2,SUCCESS,7640.0,7840.0,7640.0,200.0,7840.0
420,10000,1,3000,300,0.0,1,3,SUCCESS,9040.0,9080.0,9040.0,40.0,9080.0
421,10000,1,3000,300,0.0,0,4,SUCCESS,7640.0,7680.0,7640.0,40.0,7680.0
422,50000,1,3000,300,0.0,1,5,SUCCESS,9040.0,9240.0,9040.0,200.0,9240.0
423,100000,1,3000,300,0.0,0,6,SUCCESS,7280.0,7680.0,7280.0,400.0,7680.0
424,10000,1,3000,300,0.0,1,7,SUCCESS,9400.0,9440.0,9400.0,40.0,9440.0
425,10000,1,3000,300,0.0,0,0,SUCCESS,7480.0,7520.0,7480.0,40.0,7520.0
426,50000,1,3000,300,0.0,1,1,SUCCESS,9440.0,9640.0,9440.0,200.0,9640.0
427,10000,1,3000,300,0.0,0,2,SUCCESS,7840.0,7880.0,7840.0,40.0,7880.0
428,100000,1,3000,300,0.0,1,3,SUCCESS,9080.0,9480.0,9080.0,400.0,9480.0
429,50000,1,3000,300,0.0,0,4,SUCCESS,7680.0,7880.0,7680.0,200.0,7880.0
430,10000,1,3000,300,0.0,1,5,SUCCESS,9240.0,9280.0,9240.0,40.0,9280.0
431,10000,1,3000,300,0.0,0,6,SUCCESS,7680.0,7720.0,7680.0,40.0,7720.0
432,50000,1,3000,300,0.0,1,7,SUCCESS,9440.0,9640.0,9440.0,200.0,9640.0
433,100000,1,3000,300,0.0,0,0,SUCCESS,7520.0,7920.0,7520.0,400.0,7920.0
434,10000,1,3000,300,0.0,1,1,SUCCESS,9640.0,9680.0,9640.0,40.0,9680.0
435,10000,1,3000,300,0.0,0,2,SUCCESS,7880.0,7920.0,7880.0,40.0,7920.0
436,50000,1,3000,300,0.0,1,3,SUCCESS,9480.0,9680.0,9480.0,200.0,9680.0
437,10000,1,3000,300,0.0,0,4,SUCCESS,7880.0,7920.0,7880.0,40.0,7920.0
438,100000,1,3000,300,0.0,1,5,SUCCESS,9280.0,9680.0,9280.0,400.0,9680.0
439,50000,1,3000,300,0.0,0,6,SUCCESS,7720.0,7920.0,7720.0,200.0,7920.0
440,10000,1,3000,300,0.0,1,7,SUCCESS,9640.0,9680.0,9640.0,40.0,9680.0
441,10000,1,3000,300,0.0,0,0,SUCCESS,7920.0,7960.0,7920.0,40.0,7960.0
442,50000,1,3000,300,0.0,1,1,SUCCESS,9680.0,9880.0,9680.0,200.0,9880.0
443,100000,1,3000,300,0.0,0,2,SUCCESS,7920.0,8320.0,7920.0,400.0,8320.0
444,10000,1,3000,300,0.0,1,3,SUCCESS,9680.0,9720.0,9680.0,40.0,9720.0
445,10000,1,3000,300,0.0,0,4,SUCCESS,7920.0,7960.0,7920.0,40.0,7960.0
446,50000,1,3000,300,0.0,1,5,SUCCESS,9680.0,9880.0,9680.0,200.0,9880.0
447,10000,1,3000,300,0.0,0,6,SUCCESS,7920.0,7960.0,7920.0,40.0,7960.0
448,100000,1,3000,300,0.0,1,7,SUCCESS,9680.0,10080.0,9680.0,400.0,10080.0
449,50000,1,3000,300,0.0,0,0,SUCCESS,7960.0,8160.0,7960.0,200.0,8160.0
450,10000,1,3000,300,0.0,1,1,SUCCESS,9880.0,9920.0,9880.0,40.0,9920.0
451,10000,1,3000,300,0.0,0,2,SUCCESS,8320.0,8360.0,8320.0,40.0,8360.0
452,50000,1,3000,300,0.0,1,3,SUCCESS,9720.0,9920.0,9720.0,200.0,9920.0
453,100000,1,3000,300,0.0,0,4,SUCCESS,7960.0,8360.0,7960.0,400.0,8360.0
454,10000,1,3000,300,0.0,1,5,SUCCESS,9880.0,9920.0,9880.0,40.0,9920.0
455,10000,1,3000,300,0.0,0,6,SUCCESS,7960.0,8000.0,7960.0,40.0,8000.0
456,50000,1,3000,300,0.0,1,7,SUCCESS,10080.0,10280.0,10080.0,200.0,10280.0
457,10000,1,3000,300,0.0,0,0,SUCCESS,8160.0,8200.0,8160.0,40.0,8200.0
458,100000,1,3000,300,0.0,1,1,SUCCESS,9920.0,10320.0,9920.0,400.0,10320.0
459,50000,1,3000,300,0.0,0,2,SUCCESS,8360.0,8560.0,8360.0,200.0,8560.0
460,10000,1,3000,300,0.0,1,3,SUCCESS,9920.0,9960.0,9920.0,40.0,9960.0
461,10000,1,3000,300,0.0,0,4,SUCCESS,8360.0,8400.0,8360.0,40.0,8400.0
462,50000,1,3000,300,0.0,1,5,SUCCESS,9920.0,10120.0,9920.0,200.0,10120.0
463,100000,1,3000,300,0.0,0,6,SUCCESS,8000.0,8400.0,8000.0,400.0,8400.0
464,10000,1,3000,300,0.0,1,7,SUCCESS,10280.0,10320.0,10280.0,40.0,10320.0
465,10000,1,3000,300,0.0,0,0,SUCCESS,8200.0,8240.0,8200.0,40.0,8240.0
466,50000,1,3000,300,0.0,1,1,SUCCESS,10320.0,10520.0,10320.0,200.0,10520.0
467,10000,1,3000,300,0.0,0,2,SUCCESS,8560.0,8600.0,8560.0,40.0,8600.0
468,100000,1,3000,300,0.0,1,3,SUCCESS,9960.0,10360.0,9960.0,400.0,10360.0
469,50000,1,3000,300,0.0,0,4,SUCCESS,8400.0,8600.0,8400.0,200.0,8600.0
470,10000,1,3000,300,0.0,1,5,SUCCESS,10120.0,10160.0,10120.0,40.0,10160.0
471,10000,1,3000,300,0.0,0,6,SUCCESS,8400.0,8440.0,8400.0,40.0,8440.0
472,50000,1,3000,300,0.0,1,7,SUCCESS,10320.0,10520.0,10320.0,200.0,10520.0
473,100000,1,3000,300,0.0,0,0,SUCCESS,8240.0,8640.0,8240.0,400.0,8640.0
474,10000,1,3000,300,0.0,1,1,SUCCESS,10520.0,10560.0,10520.0,40.0,10560.0
475,10000,1,3000,300,0.0,0,2,SUCCESS,8600.0,8640.0,8600.0,40.0,8640.0
476,50000,1,3000,300,0.0,1,3,SUCCESS,10360.0,10560.0,10360.0,200.0,10560.0
477,10000,1,3000,300,0.0,0,4,SUCCESS,8600.0,8640.0,8600.0,40.0,8640.0
478,100000,1,3000,300,0.0,1,5,SUCCESS,10160.0,10560.0,10160.0,400.0,10560.0
479,50000,1,3000,300,0.0,0,6,SUCCESS,8440.0,8640.0,8440.0,200.0,8640.0
480,10000,1,3000,300,0.0,1,7,SUCCESS,10520.0,10560.0,10520.0,40.0,10560.0
481,10000,1,3000,300,0.0,0,0,SUCCESS,8640.0,8680.0,8640.0,40.0,8680.0
482,50000,1,3000,300,0.0,1,1,SUCCESS,10560.0,10760.0,10560.0,200.0,10760.0
483,100000,1,3000,300,0.0,0,2,SUCCESS,8640.0,9040.0,8640.0,400.0,9040.0
484,10000,1,3000,300,0.0,1,3,SUCCESS,10560.0,10600.0,10560.0,40.0,10600.0
485,10000,1,3000,300,0.0,0,4,SUCCESS,8640.0,8680.0,8640.0,40.0,8680.0
486,50000,1,3000,300,0.0,1,5,SUCCESS,10560.0,10760.0,10560.0,200.0,10760.0
487,10000,1,3000,300,0.0,0,6,SUCCESS,8640.0,8680.0,8640.0,40.0,8680.0
488,100000,1,3000,300,0.0,1,7,SUCCESS,10560.0,10960.0,10560.0,400.0,10960.0
489,50000,1,3000,300,0.0,0,0,SUCCESS,8680.0,8880.0,8680.0,200.0,8880.0
490,10000,1,3000,300,0.0,1,1,SUCCESS,10760.0,10800.0,10760.0,40.0,10800.0
491,10000,1,3000,300,0.0,0,2,SUCCESS,9040.0,9080.0,9040.0,40.0,9080.0
492,50000,1,3000,300,0.0,1,3,SUCCESS,10600.0,10800.0,10600.0,200.0,10800.0
493,100000,1,3000,300,0.0,0,4,SUCCESS,8680.0,9080.0,8680.0,400.0,9080.0
494,10000,1,3000,300,0.0,1,5,SUCCESS,10760.0,10800.0,10760.0,40.0,10800.0
495,10000,1,3000,300,0.0,0,6,SUCCESS,8680.0,8720.0,8680.0,40.0,8720.0
496,50000,1,3000,300,0.0,1,7,SUCCESS,10960.0,11160.0,10960.0,200.0,11160.0
497,10000,1,3000,300,0.0,0,0,SUCCESS,8880.0,8920.0,8880.0,40.0,8920.0
498,100000,1,3000,300,0.0,1,1,SUCCESS,10800.0,11200.0,10800.0,400.0,11200.0
499,50000,1,3000,300,0.0,0,2,SUCCESS,9080.0,9280.0,9080.0,200.0,9280.0
500,10000,1,3000,300,0.0,1,3,SUCCESS,10800.0,10840.0,10800.0,40.0,10840.0
501,10000,1,3000,300,0.0,0,4,SUCCESS,9080.0,9120.0,9080.0,40.0,9120.0
502,50000,1,3000,300,0.0,1,5,SUCCESS,10800.0,11000.0,10800.0,200.0,11000.0
503,100000,1,3000,300,0.0,0,6,SUCCESS,8720.0,9120.0,8720.0,400.0,9120.0
504,10000,1,3000,300,0.0,1,7,SUCCESS,11160.0,11200.0,11160.0,40.0,11200.0
505,10000,1,3000,300,0.0,0,0,SUCCESS,8920.0,8960.0,8920.0,40.0,8960.0
506,50000,1,3000,300,0.0,1,1,SUCCESS,11200.0,11400.0,11200.0,200.0,11400.0
507,10000,1,3000,300,0.0,0,2,SUCCESS,9280.0,9320.0,9280.0,40.0,9320.0
508,100000,1,3000,300,0.0,1,3,SUCCESS,10840.0,11240.0,10840.0,400.0,11240.0
509,50000,1,3000,300,0.0,0,4,SUCCESS,9120.0,9320.0,9120.0,200.0,9320.0
510,10000,1,3000,300,0.0,1,5,SUCCESS,11000.0,11040.0,11000.0,40.0,11040.0
511,10000,1,3000,300,0.0,0,6,SUCCESS,9120.0,9160.0,9120.0,40.0,9160.0
512,50000,1,3000,300,0.0,1,7,SUCCESS,11200.0,11400.0,11200.0,200.0,11400.0
513,100000,1,3000,300,0.0,0,0,SUCCESS,8960.0,9360.0,8960.0,400.0,9360.0
514,10000,1,3000,300,0.0,1,1,SUCCESS,11400.0,11440.0,11400.0,40.0,11440.0
515,10000,1,3000,300,0.0,0,2,SUCCESS,9320.0,9360.0,9320.0,40.0,9360.0
516,50000,1,3000,300,0.0,1,3,SUCCESS,11240.0,11440.0,11240.0,200.0,11440.0
517,10000,1,3000,300,0.0,0,4,SUCCESS,9320.0,9360.0,9320.0,40.0,9360.0
518,100000,1,3000,300,0.0,1,5,SUCCESS,11040.0,11440.0,11040.0,400.0,11440.0
519,50000,1,3000,300,0.0,0,6,SUCCESS,9160.0,9360.0,9160.0,200.0,9360.0
520,10000,1,3000,300,0.0,1,7,SUCCESS,11400.0,11440.0,11400.0,40.0,11440.0
521,10000,1,3000,300,0.0,0,0,SUCCESS,9360.0,9400.0,9360.0,40.0,9400.0
522,50000,1,3000,300,0.0,1,1,SUCCESS,11440.0,11640.0,11440.0,200.0,11640.0
523,100000,1,3000,300,0.0,0,2,SUCCESS,9360.0,9760.0,9360.0,400.0,9760.0
524,10000,1,3000,300,0.0,1,3,SUCCESS,11440.0,11480.0,11440.0,40.0,11480.0
525,10000,1,3000,300,0.0,0,4,SUCCESS,9360.0,9400.0,9360.0,40.0,9400.0
526,50000,1,3000,300,0.0,1,5,SUCCESS,11440.0,11640.0,11440.0,200.0,11640.0
527,10000,1,3000,300,0.0,0,6,SUCCESS,9360.0,9400.0,9360.0,40.0,9400.0
528,100000,1,3000,300,0.0,1,7,SUCCESS,11440.0,11840.0,11440.0,400.0,11840.0
529,50000,1,3000,300,0.0,0,0,SUCCESS,9400.0,9600.0,9400.0,200.0,9600.0
530,10000,1,3000,300,0.0,1,1,SUCCESS,11640.0,11680.0,11640.0,40.0,11680.0
531,10000,1,3000,300,0.0,0,2,SUCCESS,9760.0,9800.0,9760.0,40.0,9800.0
532,50000,1,3000,300,0.0,1,3,SUCCESS,11480.0,11680.0,11480.0,200.0,11680.0
533,100000,1,3000,300,0.0,0,4,SUCCESS,9400.0,9800.0,9400.0,400.0,9800.0
534,10000,1,3000,300,0.0,1,5,SUCCESS,11640.0,11680.0,11640.0,40.0,11680.0
535,10000,1,3000,300,0.0,0,6,SUCCESS,9400.0,9440.0,9400.0,40.0,9440.0
536,50000,1,3000,300,0.0,1,7,SUCCESS,11840.0,12040.0,11840.0,200.0,12040.0
537,10000,1,3000,300,0.0,0,0,SUCCESS,9600.0,9640.0,9600.0,40.0,9640.0
538,100000,1,3000,300,0.0,1,1,SUCCESS,11680.0,12080.0,11680.0,400.0,12080.0
539,50000,1,3000,300,0.0,0,2,SUCCESS,9800.0,10000.0,9800.0,200.0,10000.0
540,10000,1,3000,300,0.0,1,3,SUCCESS,11680.0,11720.0,11680.0,40.0,11720.0
541,10000,1,3000,300,0.0,0,4,SUCCESS,9800.0,9840.0,9800.0,40.0,9840.0
542,50000,1,3000,300,0.0,1,5,SUCCESS,11680.0,11880.0,11680.0,200.0,11880.0
543,100000,1,3000,300,0.0,0,6,SUCCESS,9440.0,9840.0,9440.0,400.0,9840.0
544,10000,1,3000,300,0.0,1,7,SUCCESS,12040.0,12080.0,12040.0,40.0,12080.0
545,10000,1,3000,300,0.0,0,0,SUCCESS,9640.0,9680.0,9640.0,40.0,9680.0
546,50000,1,3000,300,0.0,1,1,SUCCESS,12080.0,12280.0,12080.0,200.0,12280.0
547,10000,1,3000,300,0.0,0,2,SUCCESS,10000.0,10040.0,10000.0,40.0,10040.0
548,100000,1,3000,300,0.0,1,3,SUCCESS,11720.0,12120.0,11720.0,400.0,12120.0
549,50000,1,3000,300,0.0,0,4,SUCCESS,9840.0,10040.0,9840.0,200.0,10040.0
550,10000,1,3000,300,0.0,1,5,SUCCESS,11880.0,11920.0,11880.0,40.0,11920.0
551,10000,1,3000,300,0.0,0,6,SUCCESS,9840.0,9880.0,9840.0,40.0,9880.0
552,50000,1,3000,300,0.0,1,7,SUCCESS,12080.0,12280.0,12080.0,200.0,12280.0
553,100000,1,3000,300,0.0,0,0,SUCCESS,9680.0,10080.0,9680.0,400.0,10080.0
554,10000,1,3000,300,0.0,1,1,SUCCESS,12280.0,12320.0,12280.0,40.0,12320.0
555,10000,1,3000,300,0.0,0,2,SUCCESS,10040.0,10080.0,10040.0,40.0,10080.0
556,50000,1,3000,300,0.0,1,3,SUCCESS,12120.0,12320.0,12120.0,200.0,12320.0
557,10000,1,3000,300,0.0,0,4,SUCCESS,10040.0,10080.0,10040.0,40.0,10080.0
558,100000,1,3000,300,0.0,1,5,SUCCESS,11920.0,12320.0,11920.0,400.0,12320.0
559,50000,1,3000,300,0.0,0,6,SUCCESS,9880.0,10080.0,9880.0,200.0,10080.0
560,10000,1,3000,300,0.0,1,7,SUCCESS,12280.0,12320.0,12280.0,40.0,12320.0
561,10000,1,3000,300,0.0,0,0,SUCCESS,10080.0,10120.0,10080.0,40.0,10120.0
562,50000,1,3000,300,0.0,1,1,SUCCESS,12320.0,12520.0,12320.0,200.0,12520.0
563,100000,1,3000,300,0.0,0,2,SUCCESS,10080.0,10480.0,10080.0,400.0,10480.0
564,10000,1,3000,300,0.0,1,3,SUCCESS,12320.0,12360.0,12320.0,40.0,12360.0
565,10000,1,3000,300,0.0,0,4,SUCCESS,10080.0,10120.0,10080.0,40.0,10120.0
566,50000,1,3000,300,0.0,1,5,SUCCESS,12320.0,12520.0,12320.0,200.0,12520.0
567,10000,1,3000,300,0.0,0,6,SUCCESS,10080.0,10120.0,10080.0,40.0,10120.0
568,100000,1,3000,300,0.0,1,7,SUCCESS,12320.0,12720.0,12320.0,400.0,12720.0
569,50000,1,3000,300,0.0,0,0,SUCCESS,10120.0,10320.0,10120.0,200.0,10320.0
570,10000,1,3000,300,0.0,1,1,SUCCESS,12520.0,12560.0,12520.0,40.0,12560.0
571,10000,1,3000,300,0.0,0,2,SUCCESS,10480.0,10520.0,10480.0,40.0,10520.0
572,50000,1,3000,300,0.0,1,3,SUCCESS,12360.0,12560.0,12360.0,200.0,12560.0
573,100000,1,3000,300,0.0,0,4,SUCCESS,10120.0,10520.0,10120.0,400.0,10520.0
574,10000,1,3000,300,0.0,1,5,SUCCESS,12520.0,12560.0,12520.0,40.0,12560.0
575,10000,1,3000,300,0.0,0,6,SUCCESS,10120.0,10160.0,10120.0,40.0,10160.0
576,50000,1,3000,300,0.0,1,7,SUCCESS,12720.0,12920.0,12720.0,200.0,12920.0
577,10000,1,3000,300,0.0,0,0,SUCCESS,10320.0,10360.0,10320.0,40.0,10360.0
578,100000,1,3000,300,0.0,1,1,SUCCESS,12560.0,12960.0,12560.0,400.0,12960.0
579,50000,1,3000,300,0.0,0,2,SUCCESS,10520.0,10720.0,10520.0,200.0,10720.0
580,10000,1,3000,300,0.0,1,3,SUCCESS,12560.0,12600.0,12560.0,40.0,12600.0
581,10000,1,3000,300,0.0,0,4,SUCCESS,10520.0,10560.0,10520.0,40.0,10560.0
582,50000,1,3000,300,0.0,1,5,SUCCESS,12560.0,12760.0,12560.0,200.0,12760.0
583,100000,1,3000,300,0.0,0,6,SUCCESS,10160.0,10560.0,10160.0,400.0,10560.0
584,10000,1,3000,300,0.0,1,7,SUCCESS,12920.0,12960.0,12920.0,40.0,12960.0
585,10000,1,3000,300,0.0,0,0,SUCCESS,10360.0,10400.0,10360.0,40.0,10400.0
586,50000,1,3000,300,0.0,1,1,SUCCESS,12960.0,13160.0,12960.0,200.0,13160.0
587,10000,1,3000,300,0.0,0,2,SUCCESS,10720.0,10760.0,10720.0,40.0,10760.0
588,100000,1,3000,300,0.0,1,3,SUCCESS,12600.0,13000.0,12600.0,400.0,13000.0
589,50000,1,3000,300,0.0,0,4,SUCCESS,10560.0,10760.0,10560.0,200.0,10760.0
590,10000,1,3000,300,0.0,1,5,SUCCESS,12760.0,12800.0,12760.0,40.0,12800.0
591,10000,1,3000,300,0.0,0,6,SUCCESS,10560.0,10600.0,10560.0,40.0,10600.0
592,50000,1,3000,300,0.0,1,7,SUCCESS,12960.0,13160.0,12960.0,200.0,13160.0
593,100000,1,3000,300,0.0,0,0,SUCCESS,10400.0,10800.0,10400.0,400.0,10800.0
594,10000,1,3000,300,0.0,1,1,SUCCESS,13160.0,13200.0,13160.0,40.0,13200.0
595,10000,1,3000,300,0.0,0,2,SUCCESS,10760.0,10800.0,10760.0,40.0,10800.0
596,50000,1,3000,300,0.0,1,3,SUCCESS,13000.0,13200.0,13000.0,200.0,13200.0
597,10000,1,3000,300,0.0,0,4,SUCCESS,10760.0,10800.0,10760.0,40.0,10800.0
598,100000,1,3000,300,0.0,1,5,SUCCESS,12800.0,13200.0,12800.0,400.0,13200.0
599,50000,1,3000,300,0.0,0,6,SUCCESS,10600.0,10800.0,10600.0,200.0,10800.0
600,10000,1,3000,300,0.0,1,7,SUCCESS,13160.0,13200.0,13160.0,40.0,13200.0
601,10000,1,3000,300,0.0,0,0,SUCCESS,10800.0,10840.0,10800.0,40.0,10840.0
602,50000,1,3000,300,0.0,1,1,SUCCESS,13200.0,13400.0,13200.0,200.0,13400.0
603,100000,1,3000,300,0.0,0,2,SUCCESS,10800.0,11200.0,10800.0,400.0,11200.0
604,10000,1,3000,300,0.0,1,3,SUCCESS,13200.0,13240.0,13200.0,40.0,13240.0
605,10000,1,3000,300,0.0,0,4,SUCCESS,10800.0,10840.0,10800.0,40.0,10840.0
606,50000,1,3000,300,0.0,1,5,SUCCESS,13200.0,13400.0,13200.0,200.0,13400.0
607,10000,1,3000,300,0.0,0,6,SUCCESS,10800.0,10840.0,10800.0,40.0,10840.0
608,100000,1,3000,300,0.0,1,7,SUCCESS,13200.0,13600.0,13200.0,400.0,13600.0
609,50000,1,3000,300,0.0,0,0,SUCCESS,10840.0,11040.0,10840.0,200.0,11040.0
610,10000,1,3000,300,0.0,1,1,SUCCESS,13400.0,13440.0,13400.0,40.0,13440.0
611,10000,1,3000,300,0.0,0,2,SUCCESS,11200.0,11240.0,11200.0,40.0,11240.0
612,50000,1,3000,300,0.0,1,3,SUCCESS,13240.0,13440.0,13240.0,200.0,13440.0
613,100000,1,3000,300,0.0,0,4,SUCCESS,10840.0,11240.0,10840.0,400.0,11240.0
614,10000,1,3000,300,0.0,1,5,SUCCESS,13400.0,13440.0,13400.0,40.0,13440.0
615,10000,1,3000,300,0.0,0,6,SUCCESS,10840.0,10880.0,10840.0,40.0,10880.0
616,50000,1,3000,300,0.0,1,7,SUCCESS,13600.0,13800.0,13600.0,200.0,13800.0
617,10000,1,3000,300,0.0,0,0,SUCCESS,11040.0,11080.0,11040.0,40.0,11080.0
618,100000,1,3000,300,0.0,1,1,SUCCESS,13440.0,13840.0,13440.0,400.0,13840.0
619,50000,1,3000,300,0.0,0,2,SUCCESS,11240.0,11440.0,11240.0,200.0,11440.0
620,10000,1,3000,300,0.0,1,3,SUCCESS,13440.0,13480.0,13440.0,40.0,13480.0
621,10000,1,3000,300,0.0,0,4,SUCCESS,11240.0,11280.0,11240.0,40.0,11280.0
622,50000,1,3000,300,0.0,1,5,SUCCESS,13440.0,13640.0,13440.0,200.0,13640.0
623,100000,1,3000,300,0.0,0,6,SUCCESS,10880.0,11280.0,10880.0,400.0,11280.0
624,10000,1,3000,300,0.0,1,7,SUCCESS,13800.0,13840.0,13800.0,40.0,13840.0
625,10000,1,3000,300,0.0,0,0,SUCCESS,11080.0,11120.0,11080.0,40.0,11120.0
626,50000,1,3000,300,0.0,1,1,SUCCESS,13840.0,14040.0,13840.0,200.0,14040.0
627,10000,1,3000,300,0.0,0,2,SUCCESS,11440.0,11480.0,11440.0,40.0,11480.0
628,100000,1,3000,300,0.0,1,3,SUCCESS,13480.0,13880.0,13480.0,400.0,13880.0
629,50000,1,3000,300,0.0,0,4,SUCCESS,11280.0,11480.0,11280.0,200.0,11480.0
630,10000,1,3000,300,0.0,1,5,SUCCESS,13640.0,13680.0,13640.0,40.0,13680.0
631,10000,1,3000,300,0.0,0,6,SUCCESS,11280.0,11320.0,11280.0,40.0,11320.0
632,50000,1,3000,300,0.0,1,7,SUCCESS,13840.0,14040.0,13840.0,200.0,14040.0
633,100000,1,3000,300,0.0,0,0,SUCCESS,11120.0,11520.0,11120.0,400.0,11520.0
634,10000,1,3000,300,0.0,1,1,SUCCESS,14040.0,14080.0,14040.0,40.0,14080.0
635,10000,1,3000,300,0.0,0,2,SUCCESS,11480.0,11520.0,11480.0,40.0,11520.0
636,50000,1,3000,300,0.0,1,3,SUCCESS,13880.0,14080.0,13880.0,200.0,14080.0
637,10000,1,3000,300,0.0,0,4,SUCCESS,11480.0,11520.0,11480.0,40.0,11520.0
638,100000,1,3000,300,0.0,1,5,SUCCESS,13680.0,14080.0,13680.0,400.0,14080.0
639,50000,1,3000,300,0.0,0,6,SUCCESS,11320.0,11520.0,11320.0,200.0,11520.0
640,10000,1,3000,300,0.0,1,7,SUCCESS,14040.0,14080.0,14040.0,40.0,14080.0
641,10000,1,3000,300,0.0,0,0,SUCCESS,11520.0,11560.0,11520.0,40.0,11560.0
642,50000,1,3000,300,0.0,1,1,SUCCESS,14080.0,14280.0,14080.0,200.0,14280.0
643,100000,1,3000,300,0.0,0,2,SUCCESS,11520.0,11920.0,11520.0,400.0,11920.0
644,10000,1,3000,300,0.0,1,3,SUCCESS,14080.0,14120.0,14080.0,40.0,14120.0
645,10000,1,3000,300,0.0,0,4,SUCCESS,11520.0,11560.0,11520.0,40.0,11560.0
646,50000,1,3000,300,0.0,1,5,SUCCESS,14080.0,14280.0,14080.0,200.0,14280.0
647,10000,1,3000,300,0.0,0,6,SUCCESS,11520.0,11560.0,11520.0,40.0,11560.0
648,100000,1,3000,300,0.0,1,7,SUCCESS,14080.0,14480.0,14080.0,400.0,14480.0
649,50000,1,3000,300,0.0,0,0,SUCCESS,11560.0,11760.0,11560.0,200.0,11760.0
650,10000,1,3000,300,0.0,1,1,SUCCESS,14280.0,14320.0,14280.0,40.0,14320.0
651,10000,1,3000,300,0.0,0,2,SUCCESS,11920.0,11960.0,11920.0,40.0,11960.0
652,50000,1,3000,300,0.0,1,3,SUCCESS,14120.0,14320.0,14120.0,200.0,14320.0
653,100000,1,3000,300,0.0,0,4,SUCCESS,11560.0,11960.0,11560.0,400.0,11960.0
654,10000,1,3000,300,0.0,1,5,SUCCESS,14280.0,14320.0,14280.0,40.0,14320.0
655,10000,1,3000,300,0.0,0,6,SUCCESS,11560.0,11600.0,11560.0,40.0,11600.0
656,50000,1,3000,300,0.0,1,7,SUCCESS,14480.0,14680.0,14480.0,200.0,14680.0
657,10000,1,3000,300,0.0,0,0,SUCCESS,11760.0,11800.0,11760.0,40.0,11800.0
658,100000,1,3000,300,0.0,1,1,SUCCESS,14320.0,14720.0,14320.0,400.0,14720.0
659,50000,1,3000,300,0.0,0,2,SUCCESS,11960.0,12160.0,11960.0,200.0,12160.0
660,10000,1,3000,300,0.0,1,3,SUCCESS,14320.0,14360.0,14320.0,40.0,14360.0
661,10000,1,3000,300,0.0,0,4,SUCCESS,11960.0,12000.0,11960.0,40.0,12000.0
662,50000,1,3000,300,0.0,1,5,SUCCESS,14320.0,14520.0,14320.0,200.0,14520.0
663,100000,1,3000,300,0.0,0,6,SUCCESS,11600.0,12000.0,11600.0,400.0,12000.0
664,10000,1,3000,300,0.0,1,7,SUCCESS,14680.0,14720.0,14680.0,40.0,14720.0
665,10000,1,3000,300,0.0,0,0,SUCCESS,11800.0,11840.0,11800.0,40.0,11840.0
666,50000,1,3000,300,0.0,1,1,SUCCESS,14720.0,14920.0,14720.0,200.0,14920.0
667,10000,1,3000,300,0.0,0,2,SUCCESS,12160.0,12200.0,12160.0,40.0,12200.0
668,100000,1,3000,300,0.0,1,3,SUCCESS,14360.0,14760.0,14360.0,400.0,14760.0
669,50000,1,3000,300,0.0,0,4,SUCCESS,12000.0,12200.0,12000.0,200.0,12200.0
670,10000,1,3000,300,0.0,1,5,SUCCESS,14520.0,14560.0,14520.0,40.0,14560.0
671,10000,1,3000,300,0.0,0,6,SUCCESS,12000.0,12040.0,12000.0,40.0,12040.0
672,50000,1,3000,300,0.0,1,7,SUCCESS,14720.0,14920.0,14720.0,200.0,14920.0
673,100000,1,3000,300,0.0,0,0,SUCCESS,11840.0,12240.0,11840.0,400.0,12240.0
674,10000,1,3000,300,0.0,1,1,SUCCESS,14920.0,14960.0,14920.0,40.0,14960.0
675,10000,1,3000,300,0.0,0,2,SUCCESS,12200.0,12240.0,12200.0,40.0,12240.0
676,50000,1,3000,300,0.0,1,3,SUCCESS,14760.0,14960.0,14760.0,200.0,14960.0
677,10000,1,3000,300,0.0,0,4,SUCCESS,12200.0,12240.0,12200.0,40.0,12240.0
678,100000,1,3000,300,0.0,1,5,SUCCESS,14560.0,14960.0,14560.0,400.0,14960.0
679,50000,1,3000,300,0.0,0,6,SUCCESS,12040.0,12240.0,12040.0,200.0,12240.0
680,10000,1,3000,300,0.0,1,7,SUCCESS,14920.0,14960.0,14920.0,40.0,14960.0
681,10000,1,3000,300,0.0,0,0,SUCCESS,12240.0,12280.0,12240.0,40.0,12280.0
682,50000,1,3000,300,0.0,1,1,SUCCESS,14960.0,15160.0,14960.0,200.0,15160.0
683,100000,1,3000,300,0.0,0,2,SUCCESS,12240.0,12640.0,12240.0,400.0,12640.0
684,10000,1,3000,300,0.0,1,3,SUCCESS,14960.0,15000.0,14960.0,40.0,15000.0
685,10000,1,3000,300,0.0,0,4,SUCCESS,12240.0,12280.0,12240.0,40.0,12280.0
686,50000,1,3000,300,0.0,1,5,SUCCESS,14960.0,15160.0,14960.0,200.0,15160.0
687,10000,1,3000,300,0.0,0,6,SUCCESS,12240.0,12280.0,12240.0,40.0,12280.0
688,100000,1,3000,300,0.0,1,7,SUCCESS,14960.0,15360.0,14960.0,400.0,15360.0
689,50000,1,3000,300,0.0,0,0,SUCCESS,12280.0,12480.0,12280.0,200.0,12480.0
690,10000,1,3000,300,0.0,1,1,SUCCESS,15160.0,15200.0,15160.0,40.0,15200.0
691,10000,1,3000,300,0.0,0,2,SUCCESS,12640.0,12680.0,12640.0,40.0,12680.0
692,50000,1,3000,300,0.0,1,3,SUCCESS,15000.0,15200.0,15000.0,200.0,15200.0
693,100000,1,3000,300,0.0,0,4,SUCCESS,12280.0,12680.0,12280.0,400.0,12680.0
694,10000,1,3000,300,0.0,1,5,SUCCESS,15160.0,15200.0,15160.0,40.0,15200.0
695,10000,1,3000,300,0.0,0,6,SUCCESS,12280.0,12320.0,12280.0,40.0,12320.0
696,50000,1,3000,300,0.0,1,7,SUCCESS,15360.0,15560.0,15360.0,200.0,15560.0
697,10000,1,3000,300,0.0,0,0,SUCCESS,12480.0,12520.0,12480.0,40.0,12520.0
698,100000,1,3000,300,0.0,1,1,SUCCESS,15200.0,15600.0,15200.0,400.0,15600.0
699,50000,1,3000,300,0.0,0,2,SUCCESS,12680.0,12880.0,12680.0,200.0,12880.0
700,10000,1,3000,300,0.0,1,3,SUCCESS,15200.0,15240.0,15200.0,40.0,15240.0
701,10000,1,3000,300,0.0,0,4,SUCCESS,12680.0,12720.0,12680.0,40.0,12720.0
702,50000,1,3000,300,0.0,1,5,SUCCESS,15200.0,15400.0,15200.0,200.0,15400.0
703,100000,1,3000,300,0.0,0,6,SUCCESS,12320.0,12720.0,12320.0,400.0,12720.0
704,10000,1,3000,300,0.0,1,7,SUCCESS,15560.0,15600.0,15560.0,40.0,15600.0
705,10000,1,3000,300,0.0,0,0,SUCCESS,12520.0,12560.0,12520.0,40.0,12560.0
706,50000,1,3000,300,0.0,1,1,SUCCESS,15600.0,15800.0,15600.0,200.0,15800.0
707,10000,1,3000,300,0.0,0,2,SUCCESS,12880.0,12920.0,12880.0,40.0,12920.0
708,100000,1,3000,300,0.0,1,3,SUCCESS,15240.0,15640.0,15240.0,400.0,15640.0
709,50000,1,3000,300,0.0,0,4,SUCCESS,12720.0,12920.0,12720.0,200.0,12920.0
710,10000,1,3000,300,0.0,1,5,SUCCESS,15400.0,15440.0,15400.0,40.0,15440.0
711,10000,1,3000,300,0.0,0,6,SUCCESS,12720.0,12760.0,12720.0,40.0,12760.0
712,50000,1,3000,300,0.0,1,7,SUCCESS,15600.0,15800.0,15600.0,200.0,15800.0
713,100000,1,3000,300,0.0,0,0,SUCCESS,12560.0,12960.0,12560.0,400.0,12960.0
714,10000,1,3000,300,0.0,1,1,SUCCESS,15800.0,15840.0,15800.0,40.0,15840.0
715,10000,1,3000,300,0.0,0,2,SUCCESS,12920.0,12960.0,12920.0,40.0,12960.0
716,50000,1,3000,300,0.0,1,3,SUCCESS,15640.0,15840.0,15640.0,200.0,15840.0
717,10000,1,3000,300,0.0,0,4,SUCCESS,12920.0,12960.0,12920.0,40.0,12960.0
718,100000,1,3000,300,0.0,1,5,SUCCESS,15440.0,15840.0,15440.0,400.0,15840.0
719,50000,1,3000,300,0.0,0,6,SUCCESS,12760.0,12960.0,12760.0,200.0,12960.0
720,10000,1,3000,300,0.0,1,7,SUCCESS,15800.0,15840.0,15800.0,40.0,15840.0
721,10000,1,3000,300,0.0,0,0,SUCCESS,12960.0,13000.0,12960.0,40.0,13000.0
722,50000,1,3000,300,0.0,1,1,SUCCESS,15840.0,16040.0,15840.0,200.0,16040.0
723,100000,1,3000,300,0.0,0,2,SUCCESS,12960.0,13360.0,12960.0,400.0,13360.0
724,10000,1,3000,300,0.0,1,3,SUCCESS,15840.0,15880.0,15840.0,40.0,15880.0
725,10000,1,3000,300,0.0,0,4,SUCCESS,12960.0,13000.0,12960.0,40.0,13000.0
726,50000,1,3000,300,0.0,1,5,SUCCESS,15840.0,16040.0,15840.0,200.0,16040.0
727,10000,1,3000,300,0.0,0,6,SUCCESS,12960.0,13000.0,12960.0,40.0,13000.0
728,100000,1,3000,300,0.0,1,7,SUCCESS,15840.0,16240.0,15840.0,400.0,16240.0
729,50000,1,3000,300,0.0,0,0,SUCCESS,13000.0,13200.0,13000.0,200.0,13200.0
730,10000,1,3000,300,0.0,1,1,SUCCESS,16040.0,16080.0,16040.0,40.0,16080.0
731,10000,1,3000,300,0.0,0,2,SUCCESS,13360.0,13400.0,13360.0,40.0,13400.0
732,50000,1,3000,300,0.0,1,3,SUCCESS,15880.0,16080.0,15880.0,200.0,16080.0
733,100000,1,3000,300,0.0,0,4,SUCCESS,13000.0,13400.0,13000.0,400.0,13400.0
734,10000,1,3000,300,0.0,1,5,SUCCESS,16040.0,16080.0,16040.0,40.0,16080.0
735,10000,1,3000,300,0.0,0,6,SUCCESS,13000.0,13040.0,13000.0,40.0,13040.0
736,50000,1,3000,300,0.0,1,7,SUCCESS,16240.0,16440.0,16240.0,200.0,16440.0
737,10000,1,3000,300,0.0,0,0,SUCCESS,13200.0,13240.0,13200.0,40.0,13240.0
738,100000,1,3000,300,0.0,1,1,SUCCESS,16080.0,16480.0,16080.0,400.0,16480.0
739,50000,1,3000,300,0.0,0,2,SUCCESS,13400.0,13600.0,13400.0,200.0,13600.0
740,10000,1,3000,300,0.0,1,3,SUCCESS,16080.0,16120.0,16080.0,40.0,16120.0
741,10000,1,3000,300,0.0,0,4,SUCCESS,13400.0,13440.0,13400.0,40.0,13440.0
742,50000,1,3000,300,0.0,1,5,SUCCESS,16080.0,16280.0,16080.0,200.0,16280.0
743,100000,1,3000,300,0.0,0,6,SUCCESS,13040.0,13440.0,13040.0,400.0,13440.0
744,10000,1,3000,300,0.0,1,7,SUCCESS,16440.0,16480.0,16440.0,40.0,16480.0
745,10000,1,3000,300,0.0,0,0,SUCCESS,13240.0,13280.0,13240.0,40.0,13280.0
746,50000,1,3000,300,0.0,1,1,SUCCESS,16480.0,16680.0,16480.0,200.0,16680.0
747,10000,1,3000,300,0.0,0,2,SUCCESS,13600.0,13640.0,13600.0,40.0,13640.0
748,100000,1,3000,300,0.0,1,3,SUCCESS,16120.0,16520.0,16120.0,400.0,16520.0
749,50000,1,3000,300,0.0,0,4,SUCCESS,13440.0,13640.0,13440.0,200.0,13640.0
750,10000,1,3000,300,0.0,1,5,SUCCESS,16280.0,16320.0,16280.0,40.0,16320.0
751,10000,1,3000,300,0.0,0,6,SUCCESS,13440.0,13480.0,13440.0,40.0,13480.0
752,50000,1,3000,300,0.0,1,7,SUCCESS,16480.0,16680.0,16480.0,200.0,16680.0
753,100000,1,3000,300,0.0,0,0,SUCCESS,13280.0,13680.0,13280.0,400.0,13680.0
754,10000,1,3000,300,0.0,1,1,SUCCESS,16680.0,16720.0,16680.0,40.0,16720.0
755,10000,1,3000,300,0.0,0,2,SUCCESS,13640.0,13680.0,13640.0,40.0,13680.0
756,50000,1,3000,300,0.0,1,3,SUCCESS,16520.0,16720.0,16520.0,200.0,16720.0
757,10000,1,3000,300,0.0,0,4,SUCCESS,13640.0,13680.0,13640.0,40.0,13680.0
758,100000,1,3000,300,0.0,1,5,SUCCESS,16320.0,16720.0,16320.0,400.0,16720.0
759,50000,1,3000,300,0.0,0,6,SUCCESS,13480.0,13680.0,13480.0,200.0,13680.0
760,10000,1,3000,300,0.0,1,7,SUCCESS,16680.0,16720.0,16680.0,40.0,16720.0
761,10000,1,3000,300,0.0,0,0,SUCCESS,13680.0,13720.0,13680.0,40.0,13720.0
762,50000,1,3000,300,0.0,1,1,SUCCESS,16720.0,16920.0,16720.0,200.0,16920.0
763,100000,1,3000,300,0.0,0,2,SUCCESS,13680.0,14080.0,13680.0,400.0,14080.0
764,10000,1,3000,300,0.0,1,3,SUCCESS,16720.0,16760.0,16720.0,40.0,16760.0
765,10000,1,3000,300,0.0,0,4,SUCCESS,13680.0,13720.0,13680.0,40.0,13720.0
766,50000,1,3000,300,0.0,1,5,SUCCESS,16720.0,16920.0,16720.0,200.0,16920.0
767,10000,1,3000,300,0.0,0,6,SUCCESS,13680.0,13720.0,13680.0,40.0,13720.0
768,100000,1,3000,300,0.0,1,7,SUCCESS,16720.0,17120.0,16720.0,400.0,17120.0
769,50000,1,3000,300,0.0,0,0,SUCCESS,13720.0,13920.0,13720.0,200.0,13920.0
770,10000,1,3000,300,0.0,1,1,SUCCESS,16920.0,16960.0,16920.0,40.0,16960.0
771,10000,1,3000,300,0.0,0,2,SUCCESS,14080.0,14120.0,14080.0,40.0,14120.0
772,50000,1,3000,300,0.0,1,3,SUCCESS,16760.0,16960.0,16760.0,200.0,16960.0
773,100000,1,3000,300,0.0,0,4,SUCCESS,13720.0,14120.0,13720.0,400.0,14120.0
774,10000,1,3000,300,0.0,1,5,SUCCESS,16920.0,16960.0,16920.0,40.0,16960.0
775,10000,1,3000,300,0.0,0,6,SUCCESS,13720.0,13760.0,13720.0,40.0,13760.0
776,50000,1,3000,300,0.0,1,7,SUCCESS,17120.0,17320.0,17120.0,200.0,17320.0
777,10000,1,3000,300,0.0,0,0,SUCCESS,13920.0,13960.0,13920.0,40.0,13960.0
778,100000,1,3000,300,0.0,1,1,SUCCESS,16960.0,17360.0,16960.0,400.0,17360.0
779,50000,1,3000,300,0.0,0,2,SUCCESS,14120.0,14320.0,14120.0,200.0,14320.0
780,10000,1,3000,300,0.0,1,3,SUCCESS,16960.0,17000.0,16960.0,40.0,17000.0
781,10000,1,3000,300,0.0,0,4,SUCCESS,14120.0,14160.0,14120.0,40.0,14160.0
782,50000,1,3000,300,0.0,1,5,SUCCESS,16960.0,17160.0,16960.0,200.0,17160.0
783,100000,1,3000,300,0.0,0,6,SUCCESS,13760.0,14160.0,13760.0,400.0,14160.0
784,10000,1,3000,300,0.0,1,7,SUCCESS,17320.0,17360.0,17320.0,40.0,17360.0
785,10000,1,3000,300,0.0,0,0,SUCCESS,13960.0,14000.0,13960.0,40.0,14000.0
786,50000,1,3000,300,0.0,1,1,SUCCESS,17360.0,17560.0,17360.0,200.0,17560.0
787,10000,1,3000,300,0.0,0,2,SUCCESS,14320.0,14360.0,14320.0,40.0,14360.0
788,100000,1,3000,300,0.0,1,3,SUCCESS,17000.0,17400.0,17000.0,400.0,17400.0
789,50000,1,3000,300,0.0,0,4,SUCCESS,14160.0,14360.0,14160.0,200.0,14360.0
790,10000,1,3000,300,0.0,1,5,SUCCESS,17160.0,17200.0,17160.0,40.0,17200.0
791,10000,1,3000,300,0.0,0,6,SUCCESS,14160.0,14200.0,14160.0,40.0,14200.0
792,50000,1,3000,300,0.0,1,7,SUCCESS,17360.0,17560.0,17360.0,200.0,17560.0
793,100000,1,3000,300,0.0,0,0,SUCCESS,14000.0,14400.0,14000.0,400.0,14400.0
794,10000,1,3000,300,0.0,1,1,SUCCESS,17560.0,17600.0,17560.0,40.0,17600.0
795,10000,1,3000,300,0.0,0,2,SUCCESS,14360.0,14400.0,14360.0,40.0,14400.0
796,50000,1,3000,300,0.0,1,3,SUCCESS,17400.0,17600.0,17400.0,200.0,17600.0
797,10000,1,3000,300,0.0,0,4,SUCCESS,14360.0,14400.0,14360.0,40.0,14400.0
798,100000,1,3000,300,0.0,1,5,SUCCESS,17200.0,17600.0,17200.0,400.0,17600.0
799,50000,1,3000,300,0.0,0,6,SUCCESS,14200.0,14400.0,14200.0,200.0,14400.0
800,10000,1,3000,300,0.0,1,7,SUCCESS,17560.0,17600.0,17560.0,40.0,17600.0
801,10000,1,3000,300,0.0,0,0,SUCCESS,14400.0,14440.0,14400.0,40.0,14440.0
802,50000,1,3000,300,0.0,1,1,SUCCESS,17600.0,17800.0,17600.0,200.0,17800.0
803,100000,1,3000,300,0.0,0,2,SUCCESS,14400.0,14800.0,14400.0,400.0,14800.0
804,10000,1,3000,300,0.0,1,3,SUCCESS,17600.0,17640.0,17600.0,40.0,17640.0
805,10000,1,3000,300,0.0,0,4,SUCCESS,14400.0,14440.0,14400.0,40.0,14440.0
806,50000,1,3000,300,0.0,1,5,SUCCESS,17600.0,17800.0,17600.0,200.0,17800.0
807,10000,1,3000,300,0.0,0,6,SUCCESS,14400.0,14440.0,14400.0,40.0,14440.0
808,100000,1,3000,300,0.0,1,7,SUCCESS,17600.0,18000.0,17600.0,400.0,18000.0
809,50000,1,3000,300,0.0,0,0,SUCCESS,14440.0,14640.0,14440.0,200.0,14640.0
810,10000,1,3000,300,0.0,1,1,SUCCESS,17800.0,17840.0,17800.0,40.0,17840.0
811,10000,1,3000,300,0.0,0,2,SUCCESS,14800.0,14840.0,14800.0,40.0,14840.0
812,50000,1,3000,300,0.0,1,3,SUCCESS,17640.0,17840.0,17640.0,200.0,17840.0
813,100000,1,3000,300,0.0,0,4,SUCCESS,14440.0,14840.0,14440.0,400.0,14840.0
814,10000,1,3000,300,0.0,1,5,SUCCESS,17800.0,17840.0,17800.0,40.0,17840.0
815,10000,1,3000,300,0.0,0,6,SUCCESS,14440.0,14480.0,14440.0,40.0,14480.0
816,50000,1,3000,300,0.0,1,7,SUCCESS,18000.0,18200.0,18000.0,200.0,18200.0
817,10000,1,3000,300,0.0,0,0,SUCCESS,14640.0,14680.0,14640.0,40.0,14680.0
818,100000,1,3000,300,0.0,1,1,SUCCESS,17840.0,18240.0,17840.0,400.0,18240.0
819,50000,1,3000,300,0.0,0,2,SUCCESS,14840.0,15040.0,14840.0,200.0,15040.0
820,10000,1,3000,300,0.0,1,3,SUCCESS,17840.0,17880.0,17840.0,40.0,17880.0
821,10000,1,3000,300,0.0,0,4,SUCCESS,14840.0,14880.0,14840.0,40.0,14880.0
822,50000,1,3000,300,0.0,1,5,SUCCESS,17840.0,18040.0,17840.0,200.0,18040.0
823,100000,1,3000,300,0.0,0,6,SUCCESS,14480.0,14880.0,14480.0,400.0,14880.0
824,10000,1,3000,300,0.0,1,7,SUCCESS,18200.0,18240.0,18200.0,40.0,18240.0
825,10000,1,3000,300,0.0,0,0,SUCCESS,14680.0,14720.0,14680.0,40.0,14720.0
826,50000,1,3000,300,0.0,1,1,SUCCESS,18240.0,18440.0,18240.0,200.0,18440.0
827,10000,1,3000,300,0.0,0,2,SUCCESS,15040.0,15080.0,15040.0,40.0,15080.0
828,100000,1,3000,300,0.0,1,3,SUCCESS,17880.0,18280.0,17880.0,400.0,18280.0
829,50000,1,3000,300,0.0,0,4,SUCCESS,14880.0,15080.0,14880.0,200.0,15080.0
830,10000,1,3000,300,0.0,1,5,SUCCESS,18040.0,18080.0,18040.0,40.0,18080.0
831,10000,1,3000,300,0.0,0,6,SUCCESS,14880.0,14920.0,14880.0,40.0,14920.0
832,50000,1,3000,300,0.0,1,7,SUCCESS,18240.0,18440.0,18240.0,200.0,18440.0
833,100000,1,3000,300,0.0,0,0,SUCCESS,14720.0,15120.0,14720.0,400.0,15120.0
834,10000,1,3000,300,0.0,1,1,SUCCESS,18440.0,18480.0,18440.0,40.0,18480.0
835,10000,1,3000,300,0.0,0,2,SUCCESS,15080.0,15120.0,15080.0,40.0,15120.0
836,50000,1,3000,300,0.0,1,3,SUCCESS,18280.0,18480.0,18280.0,200.0,18480.0
837,10000,1,3000,300,0.0,0,4,SUCCESS,15080.0,15120.0,15080.0,40.0,15120.0
838,100000,1,3000,300,0.0,1,5,SUCCESS,18080.0,18480.0,18080.0,400.0,18480.0
839,50000,1,3000,300,0.0,0,6,SUCCESS,14920.0,15120.0,14920.0,200.0,15120.0
840,10000,1,3000,300,0.0,1,7,SUCCESS,18440.0,18480.0,18440.0,40.0,18480.0
841,10000,1,3000,300,0.0,0,0,SUCCESS,15120.0,15160.0,15120.0,40.0,15160.0
842,50000,1,3000,300,0.0,1,1,SUCCESS,18480.0,18680.0,18480.0,200.0,18680.0
843,100000,1,3000,300,0.0,0,2,SUCCESS,15120.0,15520.0,15120.0,400.0,15520.0
844,10000,1,3000,300,0.0,1,3,SUCCESS,18480.0,18520.0,18480.0,40.0,18520.0
845,10000,1,3000,300,0.0,0,4,SUCCESS,15120.0,15160.0,15120.0,40.0,15160.0
846,50000,1,3000,300,0.0,1,5,SUCCESS,18480.0,18680.0,18480.0,200.0,18680.0
847,10000,1,3000,300,0.0,0,6,SUCCESS,15120.0,15160.0,15120.0,40.0,15160.0
848,100000,1,3000,300,0.0,1,7,SUCCESS,18480.0,18880.0,18480.0,400.0,18880.0
849,50000,1,3000,300,0.0,0,0,SUCCESS,15160.0,15360.0,15160.0,200.0,15360.0
850,10000,1,3000,300,0.0,1,1,SUCCESS,18680.0,18720.0,18680.0,40.0,18720.0
851,10000,1,3000,300,0.0,0,2,SUCCESS,15520.0,15560.0,15520.0,40.0,15560.0
852,50000,1,3000,300,0.0,1,3,SUCCESS,18520.0,18720.0,18520.0,200.0,18720.0
853,100000,1,3000,300,0.0,0,4,SUCCESS,15160.0,15560.0,15160.0,400.0,15560.0
854,10000,1,3000,300,0.0,1,5,SUCCESS,18680.0,18720.0,18680.0,40.0,18720.0
855,10000,1,3000,300,0.0,0,6,SUCCESS,15160.0,15200.0,15160.0,40.0,15200.0
856,50000,1,3000,300,0.0,1,7,SUCCESS,18880.0,19080.0,18880.0,200.0,19080.0
857,10000,1,3000,300,0.0,0,0,SUCCESS,15360.0,15400.0,15360.0,40.0,15400.0
858,100000,1,3000,300,0.0,1,1,SUCCESS,18720.0,19120.0,18720.0,400.0,19120.0
859,50000,1,3000,300,0.0,0,2,SUCCESS,15560.0,15760.0,15560.0,200.0,15760.0
860,10000,1,3000,300,0.0,1,3,SUCCESS,18720.0,18760.0,18720.0,40.0,18760.0
861,10000,1,3000,300,0.0,0,4,SUCCESS,15560.0,15600.0,15560.0,40.0,15600.0
862,50000,1,3000,300,0.0,1,5,SUCCESS,18720.0,18920.0,18720.0,200.0,18920.0
863,100000,1,3000,300,0.0,0,6,SUCCESS,15200.0,15600.0,15200.0,400.0,15600.0
864,10000,1,3000,300,0.0,1,7,SUCCESS,19080.0,19120.0,19080.0,40.0,19120.0
865,10000,1,3000,300,0.0,0,0,SUCCESS,15400.0,15440.0,15400.0,40.0,15440.0
866,50000,1,3000,300,0.0,1,1,SUCCESS,19120.0,19320.0,19120.0,200.0,19320.0
867,10000,1,3000,300,0.0,0,2,SUCCESS,15760.0,15800.0,15760.0,40.0,15800.0
868,100000,1,3000,300,0.0,1,3,SUCCESS,18760.0,19160.0,18760.0,400.0,19160.0
869,50000,1,3000,300,0.0,0,4,SUCCESS,15600.0,15800.0,15600.0,200.0,15800.0
870,10000,1,3000,300,0.0,1,5,SUCCESS,18920.0,18960.0,18920.0,40.0,18960.0
871,10000,1,3000,300,0.0,0,6,SUCCESS,15600.0,15640.0,15600.0,40.0,15640.0
872,50000,1,3000,300,0.0,1,7,SUCCESS,19120.0,19320.0,19120.0,200.0,19320.0
873,100000,1,3000,300,0.0,0,0,SUCCESS,15440.0,15840.0,15440.0,400.0,15840.0
874,10000,1,3000,300,0.0,1,1,SUCCESS,19320.0,19360.0,19320.0,40.0,19360.0
875,10000,1,3000,300,0.0,0,2,SUCCESS,15800.0,15840.0,15800.0,40.0,15840.0
876,50000,1,3000,300,0.0,1,3,SUCCESS,19160.0,19360.0,19160.0,200.0,19360.0
877,10000,1,3000,300,0.0,0,4,SUCCESS,15800.0,15840.0,15800.0,40.0,15840.0
878,100000,1,3000,300,0.0,1,5,SUCCESS,18960.0,19360.0,18960.0,400.0,19360.0
879,50000,1,3000,300,0.0,0,6,SUCCESS,15640.0,15840.0,15640.0,200.0,15840.0
880,10000,1,3000,300,0.0,1,7,SUCCESS,19320.0,19360.0,19320.0,40.0,19360.0
881,10000,1,3000,300,0.0,0,0,SUCCESS,15840.0,15880.0,15840.0,40.0,15880.0
882,50000,1,3000,300,0.0,1,1,SUCCESS,19360.0,19560.0,19360.0,200.0,19560.0
883,100000,1,3000,300,0.0,0,2,SUCCESS,15840.0,16240.0,15840.0,400.0,16240.0
884,10000,1,3000,300,0.0,1,3,SUCCESS,19360.0,19400.0,19360.0,40.0,19400.0
885,10000,1,3000,300,0.0,0,4,SUCCESS,15840.0,15880.0,15840.0,40.0,15880.0
886,50000,1,3000,300,0.0,1,5,SUCCESS,19360.0,19560.0,19360.0,200.0,19560.0
887,10000,1,3000,300,0.0,0,6,SUCCESS,15840.0,15880.0,15840.0,40.0,15880.0
888,100000,1,3000,300,0.0,1,7,SUCCESS,19360.0,19760.0,19360.0,400.0,19760.0
889,50000,1,3000,300,0.0,0,0,SUCCESS,15880.0,16080.0,15880.0,200.0,16080.0
890,10000,1,3000,300,0.0,1,1,SUCCESS,19560.0,19600.0,19560.0,40.0,19600.0
891,10000,1,3000,300,0.0,0,2,SUCCESS,16240.0,16280.0,16240.0,40.0,16280.0
892,50000,1,3000,300,0.0,1,3,SUCCESS,19400.0,19600.0,19400.0,200.0,19600.0
893,100000,1,3000,300,0.0,0,4,SUCCESS,15880.0,16280.0,15880.0,400.0,16280.0
894,10000,1,3000,300,0.0,1,5,SUCCESS,19560.0,19600.0,19560.0,40.0,19600.0
895,10000,1,3000,300,0.0,0,6,SUCCESS,15880.0,15920.0,15880.0,40.0,15920.0
896,50000,1,3000,300,0.0,1,7,SUCCESS,19760.0,19960.0,19760.0,200.0,19960.0
897,10000,1,3000,300,0.0,0,0,SUCCESS,16080.0,16120.0,16080.0,40.0,16120.0
898,100000,1,3000,300,0.0,1,1,SUCCESS,19600.0,20000.0,19600.0,400.0,20000.0
899,50000,1,3000,300,0.0,0,2,SUCCESS,16280.0,16480.0,16280.0,200.0,16480.0
900,10000,1,3000,300,0.0,1,3,SUCCESS,19600.0,19640.0,19600.0,40.0,19640.0
901,10000,1,3000,300,0.0,0,4,SUCCESS,16280.0,16320.0,16280.0,40.0,16320.0
902,50000,1,3000,300,0.0,1,5,SUCCESS,19600.0,19800.0,19600.0,200.0,19800.0
903,100000,1,3000,300,0.0,0,6,SUCCESS,15920.0,16320.0,15920.0,400.0,16320.0
904,10000,1,3000,300,0.0,1,7,SUCCESS,19960.0,20000.0,19960.0,40.0,20000.0
905,10000,1,3000,300,0.0,0,0,SUCCESS,16120.0,16160.0,16120.0,40.0,16160.0
906,50000,1,3000,300,0.0,1,1,SUCCESS,20000.0,20200.0,20000.0,200.0,20200.0
907,10000,1,3000,300,0.0,0,2,SUCCESS,16480.0,16520.0,16480.0,40.0,16520.0
908,100000,1,3000,300,0.0,1,3,SUCCESS,19640.0,20040.0,19640.0,400.0,20040.0
909,50000,1,3000,300,0.0,0,4,SUCCESS,16320.0,16520.0,16320.0,200.0,16520.0
910,10000,1,3000,300,0.0,1,5,SUCCESS,19800.0,19840.0,19800.0,40.0,19840.0
911,10000,1,3000,300,0.0,0,6,SUCCESS,16320.0,16360.0,16320.0,40.0,16360.0
912,50000,1,3000,300,0.0,1,7,SUCCESS,20000.0,20200.0,20000.0,200.0,20200.0
913,100000,1,3000,300,0.0,0,0,SUCCESS,16160.0,16560.0,16160.0,400.0,16560.0
914,10000,1,3000,300,0.0,1,1,SUCCESS,20200.0,20240.0,20200.0,40.0,20240.0
915,10000,1,3000,300,0.0,0,2,SUCCESS,16520.0,16560.0,16520.0,40.0,16560.0
916,50000,1,3000,300,0.0,1,3,SUCCESS,20040.0,20240.0,20040.0,200.0,20240.0
917,10000,1,3000,300,0.0,0,4,SUCCESS,16520.0,16560.0,16520.0,40.0,16560.0
918,100000,1,3000,300,0.0,1,5,SUCCESS,19840.0,20240.0,19840.0,400.0,20240.0
919,50000,1,3000,300,0.0,0,6,SUCCESS,16360.0,16560.0,16360.0,200.0,16560.0
920,10000,1,3000,300,0.0,1,7,SUCCESS,20200.0,20240.0,20200.0,40.0,20240.0
921,10000,1,3000,300,0.0,0,0,SUCCESS,16560.0,16600.0,16560.0,40.0,16600.0
922,50000,1,3000,300,0.0,1,1,SUCCESS,20240.0,20440.0,20240.0,200.0,20440.0
923,100000,1,3000,300,0.0,0,2,SUCCESS,16560.0,16960.0,16560.0,400.0,16960.0
924,10000,1,3000,300,0.0,1,3,SUCCESS,20240.0,20280.0,20240.0,40.0,20280.0
925,10000,1,3000,300,0.0,0,4,SUCCESS,16560.0,16600.0,16560.0,40.0,16600.0
926,50000,1,3000,300,0.0,1,5,SUCCESS,20240.0,20440.0,20240.0,200.0,20440.0
927,10000,1,3000,300,0.0,0,6,SUCCESS,16560.0,16600.0,16560.0,40.0,16600.0
928,100000,1,3000,300,0.0,1,7,SUCCESS,20240.0,20640.0,20240.0,400.0,20640.0
929,50000,1,3000,300,0.0,0,0,SUCCESS,16600.0,16800.0,16600.0,200.0,16800.0
930,10000,1,3000,300,0.0,1,1,SUCCESS,20440.0,20480.0,20440.0,40.0,20480.0
931,10000,1,3000,300,0.0,0,2,SUCCESS,16960.0,17000.0,16960.0,40.0,17000.0
932,50000,1,3000,300,0.0,1,3,SUCCESS,20280.0,20480.0,20280.0,200.0,20480.0
933,100000,1,3000,300,0.0,0,4,SUCCESS,16600.0,17000.0,16600.0,400.0,17000.0
934,10000,1,3000,300,0.0,1,5,SUCCESS,20440.0,20480.0,20440.0,40.0,20480.0
935,10000,1,3000,300,0.0,0,6,SUCCESS,16600.0,16640.0,16600.0,40.0,16640.0
936,50000,1,3000,300,0.0,1,7,SUCCESS,20640.0,20840.0,20640.0,200.0,20840.0
937,10000,1,3000,300,0.0,0,0,SUCCESS,16800.0,16840.0,16800.0,40.0,16840.0
938,100000,1,3000,300,0.0,1,1,SUCCESS,20480.0,20880.0,20480.0,400.0,20880.0
939,50000,1,3000,300,0.0,0,2,SUCCESS,17000.0,17200.0,17000.0,200.0,17200.0
940,10000,1,3000,300,0.0,1,3,SUCCESS,20480.0,20520.0,20480.0,40.0,20520.0
941,10000,1,3000,300,0.0,0,4,SUCCESS,17000.0,17040.0,17000.0,40.0,17040.0
942,50000,1,3000,300,0.0,1,5,SUCCESS,20480.0,20680.0,20480.0,200.0,20680.0
943,100000,1,3000,300,0.0,0,6,SUCCESS,16640.0,17040.0,16640.0,400.0,17040.0
944,10000,1,3000,300,0.0,1,7,SUCCESS,20840.0,20880.0,20840.0,40.0,20880.0
945,10000,1,3000,300,0.0,0,0,SUCCESS,16840.0,16880.0,16840.0,40.0,16880.0
946,50000,1,3000,300,0.0,1,1,SUCCESS,20880.0,21080.0,20880.0,200.0,21080.0
947,10000,1,3000,300,0.0,0,2,SUCCESS,17200.0,17240.0,17200.0,40.0,17240.0
948,100000,1,3000,300,0.0,1,3,SUCCESS,20520.0,20920.0,20520.0,400.0,20920.0
949,50000,1,3000,300,0.0,0,4,SUCCESS,17040.0,17240.0,17040.0,200.0,17240.0
950,10000,1,3000,300,0.0,1,5,SUCCESS,20680.0,20720.0,20680.0,40.0,20720.0
951,10000,1,3000,300,0.0,0,6,SUCCESS,17040.0,17080.0,17040.0,40.0,17080.0
952,50000,1,3000,300,0.0,1,7,SUCCESS,20880.0,21080.0,20880.0,200.0,21080.0
953,100000,1,3000,300,0.0,0,0,SUCCESS,16880.0,17280.0,16880.0,400.0,17280.0
954,10000,1,3000,300,0.0,1,1,SUCCESS,21080.0,21120.0,21080.0,40.0,21120.0
955,10000,1,3000,300,0.0,0,2,SUCCESS,17240.0,17280.0,17240.0,40.0,17280.0
956,50000,1,3000,300,0.0,1,3,SUCCESS,20920.0,21120.0,20920.0,200.0,21120.0
957,10000,1,3000,300,0.0,0,4,SUCCESS,17240.0,17280.0,17240.0,40.0,17280.0
958,100000,1,3000,300,0.0,1,5,SUCCESS,20720.0,21120.0,20720.0,400.0,21120.0
959,50000,1,3000,300,0.0,0,6,SUCCESS,17080.0,17280.0,17080.0,200.0,17280.0
960,10000,1,3000,300,0.0,1,7,SUCCESS,21080.0,21120.0,21080.0,40.0,21120.0
961,10000,1,3000,300,0.0,0,0,SUCCESS,17280.0,17320.0,17280.0,40.0,17320.0
962,50000,1,3000,300,0.0,1,1,SUCCESS,21120.0,21320.0,21120.0,200.0,21320.0
963,100000,1,3000,300,0.0,0,2,SUCCESS,17280.0,17680.0,17280.0,400.0,17680.0
964,10000,1,3000,300,0.0,1,3,SUCCESS,21120.0,21160.0,21120.0,40.0,21160.0
965,10000,1,3000,300,0.0,0,4,SUCCESS,17280.0,17320.0,17280.0,40.0,17320.0
966,50000,1,3000,300,0.0,1,5,SUCCESS,21120.0,21320.0,21120.0,200.0,21320.0
967,10000,1,3000,300,0.0,0,6,SUCCESS,17280.0,17320.0,17280.0,40.0,17320.0
968,100000,1,3000,300,0.0,1,7,SUCCESS,21120.0,21520.0,21120.0,400.0,21520.0
969,50000,1,3000,300,0.0,0,0,SUCCESS,17320.0,17520.0,17320.0,200.0,17520.0
970,10000,1,3000,300,0.0,1,1,SUCCESS,21320.0,21360.0,21320.0,40.0,21360.0
971,10000,1,3000,300,0.0,0,2,SUCCESS,17680.0,17720.0,17680.0,40.0,17720.0
972,50000,1,3000,300,0.0,1,3,SUCCESS,21160.0,21360.0,21160.0,200.0,21360.0
973,100000,1,3000,300,0.0,0,4,SUCCESS,17320.0,17720.0,17320.0,400.0,17720.0
974,10000,1,3000,300,0.0,1,5,SUCCESS,21320.0,21360.0,21320.0,40.0,21360.0
975,10000,1,3000,300,0.0,0,6,SUCCESS,17320.0,17360.0,17320.0,40.0,17360.0
976,50000,1,3000,300,0.0,1,7,SUCCESS,21520.0,21720.0,21520.0,200.0,21720.0
977,10000,1,3000,300,0.0,0,0,SUCCESS,17520.0,17560.0,17520.0,40.0,17560.0
978,100000,1,3000,300,0.0,1,1,SUCCESS,21360.0,21760.0,21360.0,400.0,21760.0
979,50000,1,3000,300,0.0,0,2,SUCCESS,17720.0,17920.0,17720.0,200.0,17920.0
980,10000,1,3000,300,0.0,1,3,SUCCESS,21360.0,21400.0,21360.0,40.0,21400.0
981,10000,1,3000,300,0.0,0,4,SUCCESS,17720.0,17760.0,17720.0,40.0,17760.0
982,50000,1,3000,300,0.0,1,5,SUCCESS,21360.0,21560.0,21360.0,200.0,21560.0
983,100000,1,3000,300,0.0,0,6,SUCCESS,17360.0,17760.0,17360.0,400.0,17760.0
984,10000,1,3000,300,0.0,1,7,SUCCESS,21720.0,21760.0,21720.0,40.0,21760.0
985,10000,1,3000,300,0.0,0,0,SUCCESS,17560.0,17600.0,17560.0,40.0,17600.0
986,50000,1,3000,300,0.0,1,1,SUCCESS,21760.0,21960.0,21760.0,200.0,21960.0
987,10000,1,3000,300,0.0,0,2,SUCCESS,17920.0,17960.0,17920.0,40.0,17960.0
988,100000,1,3000,300,0.0,1,3,SUCCESS,21400.0,21800.0,21400.0,400.0,21800.0
989,50000,1,3000,300,0.0,0,4,SUCCESS,17760.0,17960.0,17760.0,200.0,17960.0
990,10000,1,3000,300,0.0,1,5,SUCCESS,21560.0,21600.0,21560.0,40.0,21600.0
991,10000,1,3000,300,0.0,0,6,SUCCESS,17760.0,17800.0,17760.0,40.0,17800.0
992,50000,1,3000,300,0.0,1,7,SUCCESS,21760.0,21960.0,21760.0,200.0,21960.0
993,100000,1,3000,300,0.0,0,0,SUCCESS,17600.0,18000.0,17600.0,400.0,18000.0
994,10000,1,3000,300,0.0,1,1,SUCCESS,21960.0,22000.0,21960.0,40.0,22000.0
995,10000,1,3000,300,0.0,0,2,SUCCESS,17960.0,18000.0,17960.0,40.0,18000.0
996,50000,1,3000,300,0.0,1,3,SUCCESS,21800.0,22000.0,21800.0,200.0,22000.0
997,10000,1,3000,300,0.0,0,4,SUCCESS,17960.0,18000.0,17960.0,40.0,18000.0
998,100000,1,3000,300,0.0,1,5,SUCCESS,21600.0,22000.0,21600.0,400.0,22000.0
999,50000,1,3000,300,0.0,0,6,SUCCESS,17800.0,18000.0,17800.0,200.0,18000.0
1000,10000,1,3000,300,0.0,1,7,SUCCESS,21960.0,22000.0,21960.0,40.0,22000.0
1001,10000,1,3000,300,0.0,0,0,SUCCESS,18000.0,18040.0,18000.0,40.0,18040.0
1002,50000,1,3000,300,0.0,1,1,SUCCESS,22000.0,22200.0,22000.0,200.0,22200.0
1003,100000,1,3000,300,0.0,0,2,SUCCESS,18000.0,18400.0,18000.0,400.0,18400.0
1004,10000,1,3000,300,0.0,1,3,SUCCESS,22000.0,22040.0,22000.0,40.0,22040.0
1005,10000,1,3000,300,0.0,0,4,SUCCESS,18000.0,18040.0,18000.0,40.0,18040.0
1006,50000,1,3000,300,0.0,1,5,SUCCESS,22000.0,22200.0,22000.0,200.0,22200.0
1007,10000,1,3000,300,0.0,0,6,SUCCESS,18000.0,18040.0,18000.0,40.0,18040.0
1008,100000,1,3000,300,0.0,1,7,SUCCESS,22000.0,22400.0,22000.0,400.0,22400.0
1009,50000,1,3000,300,0.0,0,0,SUCCESS,18040.0,18240.0,18040.0,200.0,18240.0
1010,10000,1,3000,300,0.0,1,1,SUCCESS,22200.0,22240.0,22200.0,40.0,22240.0
1011,10000,1,3000,300,0.0,0,2,SUCCESS,18400.0,18440.0,18400.0,40.0,18440.0
1012,50000,1,3000,300,0.0,1,3,SUCCESS,22040.0,22240.0,22040.0,200.0,22240.0
1013,100000,1,3000,300,0.0,0,4,SUCCESS,18040.0,18440.0,18040.0,400.0,18440.0
1014,10000,1,3000,300,0.0,1,5,SUCCESS,22200.0,22240.0,22200.0,40.0,22240.0
1015,10000,1,3000,300,0.0,0,6,SUCCESS,18040.0,18080.0,18040.0,40.0,18080.0
1016,50000,1,3000,300,0.0,1,7,SUCCESS,22400.0,22600.0,22400.0,200.0,22600.0
1017,10000,1,3000,300,0.0,0,0,SUCCESS,18240.0,18280.0,18240.0,40.0,18280.0
1018,100000,1,3000,300,0.0,1,1,SUCCESS,22240.0,22640.0,22240.0,400.0,22640.0
1019,50000,1,3000,300,0.0,0,2,SUCCESS,18440.0,18640.0,18440.0,200.0,18640.0
1020,10000,1,3000,300,0.0,1,3,SUCCESS,22240.0,22280.0,22240.0,40.0,22280.0
1021,10000,1,3000,300,0.0,0,4,SUCCESS,18440.0,18480.0,18440.0,40.0,18480.0
1022,50000,1,3000,300,0.0,1,5,SUCCESS,22240.0,22440.0,22240.0,200.0,22440.0
1023,100000,1,3000,300,0.0,0,6,SUCCESS,18080.0,18480.0,18080.0,400.0,18480.0
1024,10000,1,3000,300,0.0,1,7,SUCCESS,22600.0,22640.0,22600.0,40.0,22640.0
1025,10000,1,3000,300,0.0,0,0,SUCCESS,18280.0,18320.0,18280.0,40.0,18320.0
1026,50000,1,3000,300,0.0,1,1,SUCCESS,22640.0,22840.0,22640.0,200.0,22840.0
1027,10000,1,3000,300,0.0,0,2,SUCCESS,18640.0,18680.0,18640.0,40.0,18680.0
1028,100000,1,3000,300,0.0,1,3,SUCCESS,22280.0,22680.0,22280.0,400.0,22680.0
1029,50000,1,3000,300,0.0,0,4,SUCCESS,18480.0,18680.0,18480.0,200.0,18680.0
1030,10000,1,3000,300,0.0,1,5,SUCCESS,22440.0,22480.0,22440.0,40.0,22480.0
1031,10000,1,3000,300,0.0,0,6,SUCCESS,18480.0,18520.0,18480.0,40.0,18520.0
1032,50000,1,3000,300,0.0,1,7,SUCCESS,22640.0,22840.0,22640.0,200.0,22840.0
1033,100000,1,3000,300,0.0,0,0,SUCCESS,18320.0,18720.0,18320.0,400.0,18720.0
1034,10000,1,3000,300,0.0,1,1,SUCCESS,22840.0,22880.0,22840.0,40.0,22880.0
1035,10000,1,3000,300,0.0,0,2,SUCCESS,18680.0,18720.0,18680.0,40.0,18720.0
1036,50000,1,3000,300,0.0,1,3,SUCCESS,22680.0,22880.0,22680.0,200.0,22880.0
1037,10000,1,3000,300,0.0,0,4,SUCCESS,18680.0,18720.0,18680.0,40.0,18720.0
1038,100000,1,3000,300,0.0,1,5,SUCCESS,22480.0,22880.0,22480.0,400.0,22880.0
1039,50000,1,3000,300,0.0,0,6,SUCCESS,18520.0,18720.0,18520.0,200.0,18720.0
1040,10000,1,3000,300,0.0,1,7,SUCCESS,22840.0,22880.0,22840.0,40.0,22880.0
1041,10000,1,3000,300,0.0,0,0,SUCCESS,18720.0,18760.0,18720.0,40.0,18760.0
1042,50000,1,3000,300,0.0,1,1,SUCCESS,22880.0,23080.0,22880.0,200.0,23080.0
1043,100000,1,3000,300,0.0,0,2,SUCCESS,18720.0,19120.0,18720.0,400.0,19120.0
1044,10000,1,3000,300,0.0,1,3,SUCCESS,22880.0,22920.0,22880.0,40.0,22920.0
1045,10000,1,3000,300,0.0,0,4,SUCCESS,18720.0,18760.0,18720.0,40.0,18760.0
1046,50000,1,3000,300,0.0,1,5,SUCCESS,22880.0,23080.0,22880.0,200.0,23080.0
1047,10000,1,3000,300,0.0,0,6,SUCCESS,18720.0,18760.0,18720.0,40.0,18760.0
1048,100000,1,3000,300,0.0,1,7,SUCCESS,22880.0,23280.0,22880.0,400.0,23280.0
1049,50000,1,3000,300,0.0,0,0,SUCCESS,18760.0,18960.0,18760.0,200.0,18960.0
1050,10000,1,3000,300,0.0,1,1,SUCCESS,23080.0,23120.0,23080.0,40.0,23120.0
1051,10000,1,3000,300,0.0,0,2,SUCCESS,19120.0,19160.0,19120.0,40.0,19160.0
1052,50000,1,3000,300,0.0,1,3,SUCCESS,22920.0,23120.0,22920.0,200.0,23120.0
1053,100000,1,3000,300,0.0,0,4,SUCCESS,18760.0,19160.0,18760.0,400.0,19160.0
1054,10000,1,3000,300,0.0,1,5,SUCCESS,23080.0,23120.0,23080.0,40.0,23120.0
1055,10000,1,3000,300,0.0,0,6,SUCCESS,18760.0,18800.0,18760.0,40.0,18800.0
1056,50000,1,3000,300,0.0,1,7,SUCCESS,23280.0,23480.0,23280.0,200.0,23480.0
1057,10000,1,3000,300,0.0,0,0,SUCCESS,18960.0,19000.0,18960.0,40.0,19000.0
1058,100000,1,3000,300,0.0,1,1,SUCCESS,23120.0,23520.0,23120.0,400.0,23520.0
1059,50000,1,3000,300,0.0,0,2,SUCCESS,19160.0,19360.0,19160.0,200.0,19360.0
1060,10000,1,3000,300,0.0,1,3,SUCCESS,23120.0,23160.0,23120.0,40.0,23160.0
1061,10000,1,3000,300,0.0,0,4,SUCCESS,19160.0,19200.0,19160.0,40.0,19200.0
1062,50000,1,3000,300,0.0,1,5,SUCCESS,23120.0,23320.0,23120.0,200.0,23320.0
1063,100000,1,3000,300,0.0,0,6,SUCCESS,18800.0,19200.0,18800.0,400.0,19200.0
1064,10000,1,3000,300,0.0,1,7,SUCCESS,23480.0,23520.0,23480.0,40.0,23520.0
1065,10000,1,3000,300,0.0,0,0,SUCCESS,19000.0,19040.0,19000.0,40.0,19040.0
1066,50000,1,3000,300,0.0,1,1,SUCCESS,23520.0,23720.0,23520.0,200.0,23720.0
1067,10000,1,3000,300,0.0,0,2,SUCCESS,19360.0,19400.0,19360.0,40.0,19400.0
1068,100000,1,3000,300,0.0,1,3,SUCCESS,23160.0,23560.0,23160.0,400.0,23560.0
1069,50000,1,3000,300,0.0,0,4,SUCCESS,19200.0,19400.0,19200.0,200.0,19400.0
1070,10000,1,3000,300,0.0,1,5,SUCCESS,23320.0,23360.0,23320.0,40.0,23360.0
1071,10000,1,3000,300,0.0,0,6,SUCCESS,19200.0,19240.0,19200.0,40.0,19240.0
1072,50000,1,3000,300,0.0,1,7,SUCCESS,23520.0,23720.0,23520.0,200.0,23720.0
1073,100000,1,3000,300,0.0,0,0,SUCCESS,19040.0,19440.0,19040.0,400.0,19440.0
1074,10000,1,3000,300,0.0,1,1,SUCCESS,23720.0,23760.0,23720.0,40.0,23760.0
1075,10000,1,3000,300,0.0,0,2,SUCCESS,19400.0,19440.0,19400.0,40.0,19440.0
1076,50000,1,3000,300,0.0,1,3,SUCCESS,23560.0,23760.0,23560.0,200.0,23760.0
1077,10000,1,3000,300,0.0,0,4,SUCCESS,19400.0,19440.0,19400.0,40.0,19440.0
1078,100000,1,3000,300,0.0,1,5,SUCCESS,23360.0,23760.0,23360.0,400.0,23760.0
1079,50000,1,3000,300,0.0,0,6,SUCCESS,19240.0,19440.0,19240.0,200.0,19440.0
1080,10000,1,3000,300,0.0,1,7,SUCCESS,23720.0,23760.0,23720.0,40.0,23760.0
1081,10000,1,3000,300,0.0,0,0,SUCCESS,19440.0,19480.0,19440.0,40.0,19480.0
1082,50000,1,3000,300,0.0,1,1,SUCCESS,23760.0,23960.0,23760.0,200.0,23960.0
1083,100000,1,3000,300,0.0,0,2,SUCCESS,19440.0,19840.0,19440.0,400.0,19840.0
1084,10000,1,3000,300,0.0,1,3,SUCCESS,23760.0,23800.0,23760.0,40.0,23800.0
1085,10000,1,3000,300,0.0,0,4,SUCCESS,19440.0,19480.0,19440.0,40.0,19480.0
1086,50000,1,3000,300,0.0,1,5,SUCCESS,23760.0,23960.0,23760.0,200.0,23960.0
1087,10000,1,3000,300,0.0,0,6,SUCCESS,19440.0,19480.0,19440.0,40.0,19480.0
1088,100000,1,3000,300,0.0,1,7,SUCCESS,23760.0,24160.0,23760.0,400.0,24160.0
1089,50000,1,3000,300,0.0,0,0,SUCCESS,19480.0,19680.0,19480.0,200.0,19680.0
1090,10000,1,3000,300,0.0,1,1,SUCCESS,23960.0,24000.0,23960.0,40.0,24000.0
1091,10000,1,3000,300,0.0,0,2,SUCCESS,19840.0,19880.0,19840.0,40.0,19880.0
1092,50000,1,3000,300,0.0,1,3,SUCCESS,23800.0,24000.0,23800.0,200.0,24000.0
1093,100000,1,3000,300,0.0,0,4,SUCCESS,19480.0,19880.0,19480.0,400.0,19880.0
1094,10000,1,3000,300,0.0,1,5,SUCCESS,23960.0,24000.0,23960.0,40.0,24000.0
1095,10000,1,3000,300,0.0,0,6,SUCCESS,19480.0,19520.0,19480.0,40.0,19520.0
1096,50000,1,3000,300,0.0,1,7,SUCCESS,24160.0,24360.0,24160.0,200.0,24360.0
1097,10000,1,3000,300,0.0,0,0,SUCCESS,19680.0,19720.0,19680.0,40.0,19720.0
1098,100000,1,3000,300,0.0,1,1,SUCCESS,24000.0,24400.0,24000.0,400.0,24400.0
1099,50000,1,3000,300,0.0,0,2,SUCCESS,19880.0,20080.0,19880.0,200.0,20080.0
1100,10000,1,3000,300,0.0,1,3,SUCCESS,24000.0,24040.0,24000.0,40.0,24040.0
1101,10000,1,3000,300,0.0,0,4,SUCCESS,19880.0,19920.0,19880.0,40.0,19920.0
1102,50000,1,3000,300,0.0,1,5,SUCCESS,24000.0,24200.0,24000.0,200.0,24200.0
1103,100000,1,3000,300,0.0,0,6,SUCCESS,19520.0,19920.0,19520.0,400.0,19920.0
1104,10000,1,3000,300,0.0,1,7,SUCCESS,24360.0,24400.0,24360.0,40.0,24400.0
1105,10000,1,3000,300,0.0,0,0,SUCCESS,19720.0,19760.0,19720.0,40.0,19760.0
1106,50000,1,3000,300,0.0,1,1,SUCCESS,24400.0,24600.0,24400.0,200.0,24600.0
1107,10000,1,3000,300,0.0,0,2,SUCCESS,20080.0,20120.0,20080.0,40.0,20120.0
1108,100000,1,3000,300,0.0,1,3,SUCCESS,24040.0,24440.0,24040.0,400.0,24440.0
1109,50000,1,3000,300,0.0,0,4,SUCCESS,19920.0,20120.0,19920.0,200.0,20120.0
1110,10000,1,3000,300,0.0,1,5,SUCCESS,24200.0,24240.0,24200.0,40.0,24240.0
1111,10000,1,3000,300,0.0,0,6,SUCCESS,19920.0,19960.0,19920.0,40.0,19960.0
1112,50000,1,3000,300,0.0,1,7,SUCCESS,24400.0,24600.0,24400.0,200.0,24600.0
1113,100000,1,3000,300,0.0,0,0,SUCCESS,19760.0,20160.0,19760.0,400.0,20160.0
1114,10000,1,3000,300,0.0,1,1,SUCCESS,24600.0,24640.0,24600.0,40.0,24640.0
1115,10000,1,3000,300,0.0,0,2,SUCCESS,20120.0,20160.0,20120.0,40.0,20160.0
1116,50000,1,3000,300,0.0,1,3,SUCCESS,24440.0,24640.0,24440.0,200.0,24640.0
1117,10000,1,3000,300,0.0,0,4,SUCCESS,20120.0,20160.0,20120.0,40.0,20160.0
1118,100000,1,3000,300,0.0,1,5,SUCCESS,24240.0,24640.0,24240.0,400.0,24640.0
1119,50000,1,3000,300,0.0,0,6,SUCCESS,19960.0,20160.0,19960.0,200.0,20160.0
1120,10000,1,3000,300,0.0,1,7,SUCCESS,24600.0,24640.0,24600.0,40.0,24640.0
1121,10000,1,3000,300,0.0,0,0,SUCCESS,20160.0,20200.0,20160.0,40.0,20200.0
1122,50000,1,3000,300,0.0,1,1,SUCCESS,24640.0,24840.0,24640.0,200.0,24840.0
1123,100000,1,3000,300,0.0,0,2,SUCCESS,20160.0,20560.0,20160.0,400.0,20560.0
1124,10000,1,3000,300,0.0,1,3,SUCCESS,24640.0,24680.0,24640.0,40.0,24680.0
1125,10000,1,3000,300,0.0,0,4,SUCCESS,20160.0,20200.0,20160.0,40.0,20200.0
1126,50000,1,3000,300,0.0,1,5,SUCCESS,24640.0,24840.0,24640.0,200.0,24840.0
1127,10000,1,3000,300,0.0,0,6,SUCCESS,20160.0,20200.0,20160.0,40.0,20200.0
1128,100000,1,3000,300,0.0,1,7,SUCCESS,24640.0,25040.0,24640.0,400.0,25040.0
1129,50000,1,3000,300,0.0,0,0,SUCCESS,20200.0,20400.0,20200.0,200.0,20400.0
1130,10000,1,3000,300,0.0,1,1,SUCCESS,24840.0,24880.0,24840.0,40.0,24880.0
1131,10000,1,3000,300,0.0,0,2,SUCCESS,20560.0,20600.0,20560.0,40.0,20600.0
1132,50000,1,3000,300,0.0,1,3,SUCCESS,24680.0,24880.0,24680.0,200.0,24880.0
1133,100000,1,3000,300,0.0,0,4,SUCCESS,20200.0,20600.0,20200.0,400.0,20600.0
1134,10000,1,3000,300,0.0,1,5,SUCCESS,24840.0,24880.0,24840.0,40.0,24880.0
1135,10000,1,3000,300,0.0,0,6,SUCCESS,20200.0,20240.0,20200.0,40.0,20240.0
1136,50000,1,3000,300,0.0,1,7,SUCCESS,25040.0,25240.0,25040.0,200.0,25240.0
1137,10000,1,3000,300,0.0,0,0,SUCCESS,20400.0,20440.0,20400.0,40.0,20440.0
1138,100000,1,3000,300,0.0,1,1,SUCCESS,24880.0,25280.0,24880.0,400.0,25280.0
1139,50000,1,3000,300,0.0,0,2,SUCCESS,20600.0,20800.0,20600.0,200.0,20800.0
1140,10000,1,3000,300,0.0,1,3,SUCCESS,24880.0,24920.0,24880.0,40.0,24920.0
1141,10000,1,3000,300,0.0,0,4,SUCCESS,20600.0,20640.0,20600.0,40.0,20640.0
1142,50000,1,3000,300,0.0,1,5,SUCCESS,24880.0,25080.0,24880.0,200.0,25080.0
1143,100000,1,3000,300,0.0,0,6,SUCCESS,20240.0,20640.0,20240.0,400.0,20640.0
1144,10000,1,3000,300,0.0,1,7,SUCCESS,25240.0,25280.0,25240.0,40.0,25280.0
1145,10000,1,3000,300,0.0,0,0,SUCCESS,20440.0,20480.0,20440.0,40.0,20480.0
1146,50000,1,3000,300,0.0,1,1,SUCCESS,25280.0,25480.0,25280.0,200.0,25480.0
1147,10000,1,3000,300,0.0,0,2,SUCCESS,20800.0,20840.0,20800.0,40.0,20840.0
1148,100000,1,3000,300,0.0,1,3,SUCCESS,24920.0,25320.0,24920.0,400.0,25320.0
1149,50000,1,3000,300,0.0,0,4,SUCCESS,20640.0,20840.0,20640.0,200.0,20840.0
1150,10000,1,3000,300,0.0,1,5,SUCCESS,25080.0,25120.0,25080.0,40.0,25120.0
1151,10000,1,3000,300,0.0,0,6,SUCCESS,20640.0,20680.0,20640.0,40.0,20680.0
1152,50000,1,3000,300,0.0,1,7,SUCCESS,25280.0,25480.0,25280.0,200.0,25480.0
1153,100000,1,3000,300,0.0,0,0,SUCCESS,20480.0,20880.0,20480.0,400.0,20880.0
1154,10000,1,3000,300,0.0,1,1,SUCCESS,25480.0,25520.0,25480.0,40.0,25520.0
1155,10000,1,3000,300,0.0,0,2,SUCCESS,20840.0,20880.0,20840.0,40.0,20880.0
1156,50000,1,3000,300,0.0,1,3,SUCCESS,25320.0,25520.0,25320.0,200.0,25520.0
1157,10000,1,3000,300,0.0,0,4,SUCCESS,20840.0,20880.0,20840.0,40.0,20880.0
1158,100000,1,3000,300,0.0,1,5,SUCCESS,25120.0,25520.0,25120.0,400.0,25520.0
1159,50000,1,3000,300,0.0,0,6,SUCCESS,20680.0,20880.0,20680.0,200.0,20880.0
1160,10000,1,3000,300,0.0,1,7,SUCCESS,25480.0,25520.0,25480.0,40.0,25520.0
1161,10000,1,3000,300,0.0,0,0,SUCCESS,20880.0,20920.0,20880.0,40.0,20920.0
1162,50000,1,3000,300,0.0,1,1,SUCCESS,25520.0,25720.0,25520.0,200.0,25720.0
1163,100000,1,3000,300,0.0,0,2,SUCCESS,20880.0,21280.0,20880.0,400.0,21280.0
1164,10000,1,3000,300,0.0,1,3,SUCCESS,25520.0,25560.0,25520.0,40.0,25560.0
1165,10000,1,3000,300,0.0,0,4,SUCCESS,20880.0,20920.0,20880.0,40.0,20920.0
1166,50000,1,3000,300,0.0,1,5,SUCCESS,25520.0,25720.0,25520.0,200.0,25720.0
1167,10000,1,3000,300,0.0,0,6,SUCCESS,20880.0,20920.0,20880.0,40.0,20920.0
1168,100000,1,3000,300,0.0,1,7,SUCCESS,25520.0,25920.0,25520.0,400.0,25920.0
1169,50000,1,3000,300,0.0,0,0,SUCCESS,20920.0,21120.0,20920.0,200.0,21120.0
1170,10000,1,3000,300,0.0,1,1,SUCCESS,25720.0,25760.0,25720.0,40.0,25760.0
1171,10000,1,3000,300,0.0,0,2,SUCCESS,21280.0,21320.0,21280.0,40.0,21320.0
1172,50000,1,3000,300,0.0,1,3,SUCCESS,25560.0,25760.0,25560.0,200.0,25760.0
1173,100000,1,3000,300,0.0,0,4,SUCCESS,20920.0,21320.0,20920.0,400.0,21320.0
1174,10000,1,3000,300,0.0,1,5,SUCCESS,25720.0,25760.0,25720.0,40.0,25760.0
1175,10000,1,3000,300,0.0,0,6,SUCCESS,20920.0,20960.0,20920.0,40.0,20960.0
1176,50000,1,3000,300,0.0,1,7,SUCCESS,25920.0,26120.0,25920.0,200.0,26120.0
1177,10000,1,3000,300,0.0,0,0,SUCCESS,21120.0,21160.0,21120.0,40.0,21160.0
1178,100000,1,3000,300,0.0,1,1,SUCCESS,25760.0,26160.0,25760.0,400.0,26160.0
1179,50000,1,3000,300,0.0,0,2,SUCCESS,21320.0,21520.0,21320.0,200.0,21520.0
1180,10000,1,3000,300,0.0,1,3,SUCCESS,25760.0,25800.0,25760.0,40.0,25800.0
1181,10000,1,3000,300,0.0,0,4,SUCCESS,21320.0,21360.0,21320.0,40.0,21360.0
1182,50000,1,3000,300,0.0,1,5,SUCCESS,25760.0,25960.0,25760.0,200.0,25960.0
1183,100000,1,3000,300,0.0,0,6,SUCCESS,20960.0,21360.0,20960.0,400.0,21360.0
1184,10000,1,3000,300,0.0,1,7,SUCCESS,26120.0,26160.0,26120.0,40.0,26160.0
1185,10000,1,3000,300,0.0,0,0,SUCCESS,21160.0,21200.0,21160.0,40.0,21200.0
1186,50000,1,3000,300,0.0,1,1,SUCCESS,26160.0,26360.0,26160.0,200.0,26360.0
1187,10000,1,3000,300,0.0,0,2,SUCCESS,21520.0,21560.0,21520.0,40.0,21560.0
1188,100000,1,3000,300,0.0,1,3,SUCCESS,25800.0,26200.0,25800.0,400.0,26200.0
1189,50000,1,3000,300,0.0,0,4,SUCCESS,21360.0,21560.0,21360.0,200.0,21560.0
1190,10000,1,3000,300,0.0,1,5,SUCCESS,25960.0,26000.0,25960.0,40.0,26000.0
1191,10000,1,3000,300,0.0,0,6,SUCCESS,21360.0,21400.0,21360.0,40.0,21400.0
1192,50000,1,3000,300,0.0,1,7,SUCCESS,26160.0,26360.0,26160.0,200.0,26360.0
1193,100000,1,3000,300,0.0,0,0,SUCCESS,21200.0,21600.0,21200.0,400.0,21600.0
1194,10000,1,3000,300,0.0,1,1,SUCCESS,26360.0,26400.0,26360.0,40.0,26400.0
1195,10000,1,3000,300,0.0,0,2,SUCCESS,21560.0,21600.0,21560.0,40.0,21600.0
1196,50000,1,3000,300,0.0,1,3,SUCCESS,26200.0,26400.0,26200.0,200.0,26400.0
1197,10000,1,3000,300,0.0,0,4,SUCCESS,21560.0,21600.0,21560.0,40.0,21600.0
1198,100000,1,3000,300,0.0,1,5,SUCCESS,26000.0,26400.0,26000.0,400.0,26400.0
1199,50000,1,3000,300,0.0,0,6,SUCCESS,21400.0,21600.0,21400.0,200.0,21600.0
1200,10000,1,3000,300,0.0,1,7,SUCCESS,26360.0,26400.0,26360.0,40.0,26400.0
1201,10000,1,3000,300,0.0,0,0,SUCCESS,21600.0,21640.0,21600.0,40.0,21640.0
1202,50000,1,3000,300,0.0,1,1,SUCCESS,26400.0,26600.0,26400.0,200.0,26600.0
1203,100000,1,3000,300,0.0,0,2,SUCCESS,21600.0,22000.0,21600.0,400.0,22000.0
1204,10000,1,3000,300,0.0,1,3,SUCCESS,26400.0,26440.0,26400.0,40.0,26440.0
1205,10000,1,3000,300,0.0,0,4,SUCCESS,21600.0,21640.0,21600.0,40.0,21640.0
1206,50000,1,3000,300,0.0,1,5,SUCCESS,26400.0,26600.0,26400.0,200.0,26600.0
1207,10000,1,3000,300,0.0,0,6,SUCCESS,21600.0,21640.0,21600.0,40.0,21640.0
1208,100000,1,3000,300,0.0,1,7,SUCCESS,26400.0,26800.0,26400.0,400.0,26800.0
1209,50000,1,3000,300,0.0,0,0,SUCCESS,21640.0,21840.0,21640.0,200.0,21840.0
1210,10000,1,3000,300,0.0,1,1,SUCCESS,26600.0,26640.0,26600.0,40.0,26640.0
1211,10000,1,3000,300,0.0,0,2,SUCCESS,22000.0,22040.0,22000.0,40.0,22040.0
1212,50000,1,3000,300,0.0,1,3,SUCCESS,26440.0,26640.0,26440.0,200.0,26640.0
1213,100000,1,3000,300,0.0,0,4,SUCCESS,21640.0,22040.0,21640.0,400.0,22040.0
1214,10000,1,3000,300,0.0,1,5,SUCCESS,26600.0,26640.0,26600.0,40.0,26640.0
1215,10000,1,3000,300,0.0,0,6,SUCCESS,21640.0,21680.0,21640.0,40.0,21680.0
1216,50000,1,3000,300,0.0,1,7,SUCCESS,26800.0,27000.0,26800.0,200.0,27000.0
1217,10000,1,3000,300,0.0,0,0,SUCCESS,21840.0,21880.0,21840.0,40.0,21880.0
1218,100000,1,3000,300,0.0,1,1,SUCCESS,26640.0,27040.0,26640.0,400.0,27040.0
1219,50000,1,3000,300,0.0,0,2,SUCCESS,22040.0,22240.0,22040.0,200.0,22240.0
1220,10000,1,3000,300,0.0,1,3,SUCCESS,26640.0,26680.0,26640.0,40.0,26680.0
1221,10000,1,3000,300,0.0,0,4,SUCCESS,22040.0,22080.0,22040.0,40.0,22080.0
1222,50000,1,3000,300,0.0,1,5,SUCCESS,26640.0,26840.0,26640.0,200.0,26840.0
1223,100000,1,3000,300,0.0,0,6,SUCCESS,21680.0,22080.0,21680.0,400.0,22080.0
1224,10000,1,3000,300,0.0,1,7,SUCCESS,27000.0,27040.0,27000.0,40.0,27040.0
1225,10000,1,3000,300,0.0,0,0,SUCCESS,21880.0,21920.0,21880.0,40.0,21920.0
1226,50000,1,3000,300,0.0,1,1,SUCCESS,27040.0,27240.0,27040.0,200.0,27240.0
1227,10000,1,3000,300,0.0,0,2,SUCCESS,22240.0,22280.0,22240.0,40.0,22280.0
1228,100000,1,3000,300,0.0,1,3,SUCCESS,26680.0,27080.0,26680.0,400.0,27080.0
1229,50000,1,3000,300,0.0,0,4,SUCCESS,22080.0,22280.0,22080.0,200.0,22280.0
1230,10000,1,3000,300,0.0,1,5,SUCCESS,26840.0,26880.0,26840.0,40.0,26880.0
1231,10000,1,3000,300,0.0,0,6,SUCCESS,22080.0,22120.0,22080.0,40.0,22120.0
1232,50000,1,3000,300,0.0,1,7,SUCCESS,27040.0,27240.0,27040.0,200.0,27240.0
1233,100000,1,3000,300,0.0,0,0,SUCCESS,21920.0,22320.0,21920.0,400.0,22320.0
1234,10000,1,3000,300,0.0,1,1,SUCCESS,27240.0,27280.0,27240.0,40.0,27280.0
1235,10000,1,3000,300,0.0,0,2,SUCCESS,22280.0,22320.0,22280.0,40.0,22320.0
1236,50000,1,3000,300,0.0,1,3,SUCCESS,27080.0,27280.0,27080.0,200.0,27280.0
1237,10000,1,3000,300,0.0,0,4,SUCCESS,22280.0,22320.0,22280.0,40.0,22320.0
1238,100000,1,3000,300,0.0,1,5,SUCCESS,26880.0,27280.0,26880.0,400.0,27280.0
1239,50000,1,3000,300,0.0,0,6,SUCCESS,22120.0,22320.0,22120.0,200.0,22320.0
1240,10000,1,3000,300,0.0,1,7,SUCCESS,27240.0,27280.0,27240.0,40.0,27280.0
1241,10000,1,3000,300,0.0,0,0,SUCCESS,22320.0,22360.0,22320.0,40.0,22360.0
1242,50000,1,3000,300,0.0,1,1,SUCCESS,27280.0,27480.0,27280.0,200.0,27480.0
1243,100000,1,3000,300,0.0,0,2,SUCCESS,22320.0,22720.0,22320.0,400.0,22720.0
1244,10000,1,3000,300,0.0,1,3,SUCCESS,27280.0,27320.0,27280.0,40.0,27320.0
1245,10000,1,3000,300,0.0,0,4,SUCCESS,22320.0,22360.0,22320.0,40.0,22360.0
1246,50000,1,3000,300,0.0,1,5,SUCCESS,27280.0,27480.0,27280.0,200.0,27480.0
1247,10000,1,3000,300,0.0,0,6,SUCCESS,22320.0,22360.0,22320.0,40.0,22360.0
1248,100000,1,3000,300,0.0,1,7,SUCCESS,27280.0,27680.0,27280.0,400.0,27680.0
1249,50000,1,3000,300,0.0,0,0,SUCCESS,22360.0,22560.0,22360.0,200.0,22560.0
1250,10000,1,3000,300,0.0,1,1,SUCCESS,27480.0,27520.0,27480.0,40.0,27520.0
1251,10000,1,3000,300,0.0,0,2,SUCCESS,22720.0,22760.0,22720.0,40.0,22760.0
1252,50000,1,3000,300,0.0,1,3,SUCCESS,27320.0,27520.0,27320.0,200.0,27520.0
1253,100000,1,3000,300,0.0,0,4,SUCCESS,22360.0,22760.0,22360.0,400.0,22760.0
1254,10000,1,3000,300,0.0,1,5,SUCCESS,27480.0,27520.0,27480.0,40.0,27520.0
1255,10000,1,3000,300,0.0,0,6,SUCCESS,22360.0,22400.0,22360.0,40.0,22400.0
1256,50000,1,3000,300,0.0,1,7,SUCCESS,27680.0,27880.0,27680.0,200.0,27880.0
1257,10000,1,3000,300,0.0,0,0,SUCCESS,22560.0,22600.0,22560.0,40.0,22600.0
1258,100000,1,3000,300,0.0,1,1,SUCCESS,27520.0,27920.0,27520.0,400.0,27920.0
1259,50000,1,3000,300,0.0,0,2,SUCCESS,22760.0,22960.0,22760.0,200.0,22960.0
1260,10000,1,3000,300,0.0,1,3,SUCCESS,27520.0,27560.0,27520.0,40.0,27560.0
1261,10000,1,3000,300,0.0,0,4,SUCCESS,22760.0,22800.0,22760.0,40.0,22800.0
1262,50000,1,3000,300,0.0,1,5,SUCCESS,27520.0,27720.0,27520.0,200.0,27720.0
1263,100000,1,3000,300,0.0,0,6,SUCCESS,22400.0,22800.0,22400.0,400.0,22800.0
1264,10000,1,3000,300,0.0,1,7,SUCCESS,27880.0,27920.0,27880.0,40.0,27920.0
1265,10000,1,3000,300,0.0,0,0,SUCCESS,22600.0,22640.0,22600.0,40.0,22640.0
1266,50000,1,3000,300,0.0,1,1,SUCCESS,27920.0,28120.0,27920.0,200.0,28120.0
1267,10000,1,3000,300,0.0,0,2,SUCCESS,22960.0,23000.0,22960.0,40.0,23000.0
1268,100000,1,3000,300,0.0,1,3,SUCCESS,27560.0,27960.0,27560.0,400.0,27960.0
1269,50000,1,3000,300,0.0,0,4,SUCCESS,22800.0,23000.0,22800.0,200.0,23000.0
1270,10000,1,3000,300,0.0,1,5,SUCCESS,27720.0,27760.0,27720.0,40.0,27760.0
1271,10000,1,3000,300,0.0,0,6,SUCCESS,22800.0,22840.0,22800.0,40.0,22840.0
1272,50000,1,3000,300,0.0,1,7,SUCCESS,27920.0,28120.0,27920.0,200.0,28120.0
1273,100000,1,3000,300,0.0,0,0,SUCCESS,22640.0,23040.0,22640.0,400.0,23040.0
1274,10000,1,3000,300,0.0,1,1,SUCCESS,28120.0,28160.0,28120.0,40.0,28160.0
1275,10000,1,3000,300,0.0,0,2,SUCCESS,23000.0,23040.0,23000.0,40.0,23040.0
1276,50000,1,3000,300,0.0,1,3,SUCCESS,27960.0,28160.0,27960.0,200.0,28160.0
1277,10000,1,3000,300,0.0,0,4,SUCCESS,23000.0,23040.0,23000.0,40.0,23040.0
1278,100000,1,3000,300,0.0,1,5,SUCCESS,27760.0,28160.0,27760.0,400.0,28160.0
1279,50000,1,3000,300,0.0,0,6,SUCCESS,22840.0,23040.0,22840.0,200.0,23040.0
1280,10000,1,3000,300,0.0,1,7,SUCCESS,28120.0,28160.0,28120.0,40.0,28160.0
1281,10000,1,3000,300,0.0,0,0,SUCCESS,23040.0,23080.0,23040.0,40.0,23080.0
1282,50000,1,3000,300,0.0,1,1,SUCCESS,28160.0,28360.0,28160.0,200.0,28360.0
1283,100000,1,3000,300,0.0,0,2,SUCCESS,23040.0,23440.0,23040.0,400.0,23440.0
1284,10000,1,3000,300,0.0,1,3,SUCCESS,28160.0,28200.0,28160.0,40.0,28200.0
1285,10000,1,3000,300,0.0,0,4,SUCCESS,23040.0,23080.0,23040.0,40.0,23080.0
1286,50000,1,3000,300,0.0,1,5,SUCCESS,28160.0,28360.0,28160.0,200.0,28360.0
1287,10000,1,3000,300,0.0,0,6,SUCCESS,23040.0,23080.0,23040.0,40.0,23080.0
1288,100000,1,3000,300,0.0,1,7,SUCCESS,28160.0,28560.0,28160.0,400.0,28560.0
1289,50000,1,3000,300,0.0,0,0,SUCCESS,23080.0,23280.0,23080.0,200.0,23280.0
1290,10000,1,3000,300,0.0,1,1,SUCCESS,28360.0,28400.0,28360.0,40.0,28400.0
1291,10000,1,3000,300,0.0,0,2,SUCCESS,23440.0,23480.0,23440.0,40.0,23480.0
1292,50000,1,3000,300,0.0,1,3,SUCCESS,28200.0,28400.0,28200.0,200.0,28400.0
1293,100000,1,3000,300,0.0,0,4,SUCCESS,23080.0,23480.0,23080.0,400.0,23480.0
1294,10000,1,3000,300,0.0,1,5,SUCCESS,28360.0,28400.0,28360.0,40.0,28400.0
1295,10000,1,3000,300,0.0,0,6,SUCCESS,23080.0,23120.0,23080.0,40.0,23120.0
1296,50000,1,3000,300,0.0,1,7,SUCCESS,28560.0,28760.0,28560.0,200.0,28760.0
1297,10000,1,3000,300,0.0,0,0,SUCCESS,23280.0,23320.0,23280.0,40.0,23320.0
1298,100000,1,3000,300,0.0,1,1,SUCCESS,28400.0,28800.0,28400.0,400.0,28800.0
1299,50000,1,3000,300,0.0,0,2,SUCCESS,23480.0,23680.0,23480.0,200.0,23680.0
1300,10000,1,3000,300,0.0,1,3,SUCCESS,28400.0,28440.0,28400.0,40.0,28440.0
1301,10000,1,3000,300,0.0,0,4,SUCCESS,23480.0,23520.0,23480.0,40.0,23520.0
1302,50000,1,3000,300,0.0,1,5,SUCCESS,28400.0,28600.0,28400.0,200.0,28600.0
1303,100000,1,3000,300,0.0,0,6,SUCCESS,23120.0,23520.0,23120.0,400.0,23520.0
1304,10000,1,3000,300,0.0,1,7,SUCCESS,28760.0,28800.0,28760.0,40.0,28800.0
1305,10000,1,3000,300,0.0,0,0,SUCCESS,23320.0,23360.0,23320.0,40.0,23360.0
1306,50000,1,3000,300,0.0,1,1,SUCCESS,28800.0,29000.0,28800.0,200.0,29000.0
1307,10000,1,3000,300,0.0,0,2,SUCCESS,23680.0,23720.0,23680.0,40.0,23720.0
1308,100000,1,3000,300,0.0,1,3,SUCCESS,28440.0,28840.0,28440.0,400.0,28840.0
1309,50000,1,3000,300,0.0,0,4,SUCCESS,23520.0,23720.0,23520.0,200.0,23720.0
1310,10000,1,3000,300,0.0,1,5,SUCCESS,28600.0,28640.0,28600.0,40.0,28640.0
1311,10000,1,3000,300,0.0,0,6,SUCCESS,23520.0,23560.0,23520.0,40.0,23560.0
1312,50000,1,3000,300,0.0,1,7,SUCCESS,28800.0,29000.0,28800.0,200.0,29000.0
1313,100000,1,3000,300,0.0,0,0,SUCCESS,23360.0,23760.0,23360.0,400.0,23760.0
1314,10000,1,3000,300,0.0,1,1,SUCCESS,29000.0,29040.0,29000.0,40.0,29040.0
1315,10000,1,3000,300,0.0,0,2,SUCCESS,23720.0,23760.0,23720.0,40.0,23760.0
1316,50000,1,3000,300,0.0,1,3,SUCCESS,28840.0,29040.0,28840.0,200.0,29040.0
1317,10000,1,3000,300,0.0,0,4,SUCCESS,23720.0,23760.0,23720.0,40.0,23760.0
1318,100000,1,3000,300,0.0,1,5,SUCCESS,28640.0,29040.0,28640.0,400.0,29040.0
1319,50000,1,3000,300,0.0,0,6,SUCCESS,23560.0,23760.0,23560.0,200.0,23760.0
1320,10000,1,3000,300,0.0,1,7,SUCCESS,29000.0,29040.0,29000.0,40.0,29040.0
1321,10000,1,3000,300,0.0,0,0,SUCCESS,23760.0,23800.0,23760.0,40.0,23800.0
1322,50000,1,3000,300,0.0,1,1,SUCCESS,29040.0,29240.0,29040.0,200.0,29240.0
1323,100000,1,3000,300,0.0,0,2,SUCCESS,23760.0,24160.0,23760.0,400.0,24160.0
1324,10000,1,3000,300,0.0,1,3,SUCCESS,29040.0,29080.0,29040.0,40.0,29080.0
1325,10000,1,3000,300,0.0,0,4,SUCCESS,23760.0,23800.0,23760.0,40.0,23800.0
1326,50000,1,3000,300,0.0,1,5,SUCCESS,29040.0,29240.0,29040.0,200.0,29240.0
1327,10000,1,3000,300,0.0,0,6,SUCCESS,23760.0,23800.0,23760.0,40.0,23800.0
1328,100000,1,3000,300,0.0,1,7,SUCCESS,29040.0,29440.0,29040.0,400.0,29440.0
1329,50000,1,3000,300,0.0,0,0,SUCCESS,23800.0,24000.0,23800.0,200.0,24000.0
1330,10000,1,3000,300,0.0,1,1,SUCCESS,29240.0,29280.0,29240.0,40.0,29280.0
1331,10000,1,3000,300,0.0,0,2,SUCCESS,24160.0,24200.0,24160.0,40.0,24200.0
1332,50000,1,3000,300,0.0,1,3,SUCCESS,29080.0,29280.0,29080.0,200.0,29280.0
1333,100000,1,3000,300,0.0,0,4,SUCCESS,23800.0,24200.0,23800.0,400.0,24200.0
1334,10000,1,3000,300,0.0,1,5,SUCCESS,29240.0,29280.0,29240.0,40.0,29280.0
1335,10000,1,3000,300,0.0,0,6,SUCCESS,23800.0,23840.0,23800.0,40.0,23840.0
1336,50000,1,3000,300,0.0,1,7,SUCCESS,29440.0,29640.0,29440.0,200.0,29640.0
1337,10000,1,3000,300,0.0,0,0,SUCCESS,24000.0,24040.0,24000.0,40.0,24040.0
1338,100000,1,3000,300,0.0,1,1,SUCCESS,29280.0,29680.0,29280.0,400.0,29680.0
1339,50000,1,3000,300,0.0,0,2,SUCCESS,24200.0,24400.0,24200.0,200.0,24400.0
1340,10000,1,3000,300,0.0,1,3,SUCCESS,29280.0,29320.0,29280.0,40.0,29320.0
1341,10000,1,3000,300,0.0,0,4,SUCCESS,24200.0,24240.0,24200.0,40.0,24240.0
1342,50000,1,3000,300,0.0,1,5,SUCCESS,29280.0,29480.0,29280.0,200.0,29480.0
1343,100000,1,3000,300,0.0,0,6,SUCCESS,23840.0,24240.0,23840.0,400.0,24240.0
1344,10000,1,3000,300,0.0,1,7,SUCCESS,29640.0,29680.0,29640.0,40.0,29680.0
1345,10000,1,3000,300,0.0,0,0,SUCCESS,24040.0,24080.0,24040.0,40.0,24080.0
1346,50000,1,3000,300,0.0,1,1,SUCCESS,29680.0,29880.0,29680.0,200.0,29880.0
1347,10000,1,3000,300,0.0,0,2,SUCCESS,24400.0,24440.0,24400.0,40.0,24440.0
1348,100000,1,3000,300,0.0,1,3,SUCCESS,29320.0,29720.0,29320.0,400.0,29720.0
1349,50000,1,3000,300,0.0,0,4,SUCCESS,24240.0,24440.0,24240.0,200.0,24440.0
1350,10000,1,3000,300,0.0,1,5,SUCCESS,29480.0,29520.0,29480.0,40.0,29520.0
1351,10000,1,3000,300,0.0,0,6,SUCCESS,24240.0,24280.0,24240.0,40.0,24280.0
1352,50000,1,3000,300,0.0,1,7,SUCCESS,29680.0,29880.0,29680.0,200.0,29880.0
1353,100000,1,3000,300,0.0,0,0,SUCCESS,24080.0,24480.0,24080.0,400.0,24480.0
1354,10000,1,3000,300,0.0,1,1,SUCCESS,29880.0,29920.0,29880.0,40.0,29920.0
1355,10000,1,3000,300,0.0,0,2,SUCCESS,24440.0,24480.0,24440.0,40.0,24480.0
1356,50000,1,3000,300,0.0,1,3,SUCCESS,29720.0,29920.0,29720.0,200.0,29920.0
1357,10000,1,3000,300,0.0,0,4,SUCCESS,24440.0,24480.0,24440.0,40.0,24480.0
1358,100000,1,3000,300,0.0,1,5,SUCCESS,29520.0,29920.0,29520.0,400.0,29920.0
1359,50000,1,3000,300,0.0,0,6,SUCCESS,24280.0,24480.0,24280.0,200.0,24480.0
1360,10000,1,3000,300,0.0,1,7,SUCCESS,29880.0,29920.0,29880.0,40.0,29920.0
1361,10000,1,3000,300,0.0,0,0,SUCCESS,24480.0,24520.0,24480.0,40.0,24520.0
1362,50000,1,3000,300,0.0,1,1,SUCCESS,29920.0,30120.0,29920.0,200.0,30120.0
1363,100000,1,3000,300,0.0,0,2,SUCCESS,24480.0,24880.0,24480.0,400.0,24880.0
1364,10000,1,3000,300,0.0,1,3,SUCCESS,29920.0,29960.0,29920.0,40.0,29960.0
1365,10000,1,3000,300,0.0,0,4,SUCCESS,24480.0,24520.0,24480.0,40.0,24520.0
1366,50000,1,3000,300,0.0,1,5,SUCCESS,29920.0,30120.0,29920.0,200.0,30120.0
1367,10000,1,3000,300,0.0,0,6,SUCCESS,24480.0,24520.0,24480.0,40.0,24520.0
1368,100000,1,3000,300,0.0,1,7,SUCCESS,29920.0,30320.0,29920.0,400.0,30320.0
1369,50000,1,3000,300,0.0,0,0,SUCCESS,24520.0,24720.0,24520.0,200.0,24720.0
1370,10000,1,3000,300,0.0,1,1,SUCCESS,30120.0,30160.0,30120.0,40.0,30160.0
1371,10000,1,3000,300,0.0,0,2,SUCCESS,24880.0,24920.0,24880.0,40.0,24920.0
1372,50000,1,3000,300,0.0,1,3,SUCCESS,29960.0,30160.0,29960.0,200.0,30160.0
1373,100000,1,3000,300,0.0,0,4,SUCCESS,24520.0,24920.0,24520.0,400.0,24920.0
1374,10000,1,3000,300,0.0,1,5,SUCCESS,30120.0,30160.0,30120.0,40.0,30160.0
1375,10000,1,3000,300,0.0,0,6,SUCCESS,24520.0,24560.0,24520.0,40.0,24560.0
1376,50000,1,3000,300,0.0,1,7,SUCCESS,30320.0,30520.0,30320.0,200.0,30520.0
1377,10000,1,3000,300,0.0,0,0,SUCCESS,24720.0,24760.0,24720.0,40.0,24760.0
1378,100000,1,3000,300,0.0,1,1,SUCCESS,30160.0,30560.0,30160.0,400.0,30560.0
1379,50000,1,3000,300,0.0,0,2,SUCCESS,24920.0,25120.0,24920.0,200.0,25120.0
1380,10000,1,3000,300,0.0,1,3,SUCCESS,30160.0,30200.0,30160.0,40.0,30200.0
1381,10000,1,3000,300,0.0,0,4,SUCCESS,24920.0,24960.0,24920.0,40.0,24960.0
1382,50000,1,3000,300,0.0,1,5,SUCCESS,30160.0,30360.0,30160.0,200.0,30360.0
1383,100000,1,3000,300,0.0,0,6,SUCCESS,24560.0,24960.0,24560.0,400.0,24960.0
1384,10000,1,3000,300,0.0,1,7,SUCCESS,30520.0,30560.0,30520.0,40.0,30560.0
1385,10000,1,3000,300,0.0,0,0,SUCCESS,24760.0,24800.0,24760.0,40.0,24800.0
1386,50000,1,3000,300,0.0,1,1,SUCCESS,30560.0,30760.0,30560.0,200.0,30760.0
1387,10000,1,3000,300,0.0,0,2,SUCCESS,25120.0,25160.0,25120.0,40.0,25160.0
1388,100000,1,3000,300,0.0,1,3,SUCCESS,30200.0,30600.0,30200.0,400.0,30600.0
1389,50000,1,3000,300,0.0,0,4,SUCCESS,24960.0,25160.0,24960.0,200.0,25160.0
1390,10000,1,3000,300,0.0,1,5,SUCCESS,30360.0,30400.0,30360.0,40.0,30400.0
1391,10000,1,3000,300,0.0,0,6,SUCCESS,24960.0,25000.0,24960.0,40.0,25000.0
1392,50000,1,3000,300,0.0,1,7,SUCCESS,30560.0,30760.0,30560.0,200.0,30760.0
1393,100000,1,3000,300,0.0,0,0,SUCCESS,24800.0,25200.0,24800.0,400.0,25200.0
1394,10000,1,3000,300,0.0,1,1,SUCCESS,30760.0,30800.0,30760.0,40.0,30800.0
1395,10000,1,3000,300,0.0,0,2,SUCCESS,25160.0,25200.0,25160.0,40.0,25200.0
1396,50000,1,3000,300,0.0,1,3,SUCCESS,30600.0,30800.0,30600.0,200.0,30800.0
1397,10000,1,3000,300,0.0,0,4,SUCCESS,25160.0,25200.0,25160.0,40.0,25200.0
1398,100000,1,3000,300,0.0,1,5,SUCCESS,30400.0,30800.0,30400.0,400.0,30800.0
1399,50000,1,3000,300,0.0,0,6,SUCCESS,25000.0,25200.0,25000.0,200.0,25200.0
1400,10000,1,3000,300,0.0,1,7,SUCCESS,30760.0,30800.0,30760.0,40.0,30800.0
1401,10000,1,3000,300,0.0,0,0,SUCCESS,25200.0,25240.0,25200.0,40.0,25240.0
1402,50000,1,3000,300,0.0,1,1,SUCCESS,30800.0,31000.0,30800.0,200.0,31000.0
1403,100000,1,3000,300,0.0,0,2,SUCCESS,25200.0,25600.0,25200.0,400.0,25600.0
1404,10000,1,3000,300,0.0,1,3,SUCCESS,30800.0,30840.0,30800.0,40.0,30840.0
1405,10000,1,3000,300,0.0,0,4,SUCCESS,25200.0,25240.0,25200.0,40.0,25240.0
1406,50000,1,3000,300,0.0,1,5,SUCCESS,30800.0,31000.0,30800.0,200.0,31000.0
1407,10000,1,3000,300,0.0,0,6,SUCCESS,25200.0,25240.0,25200.0,40.0,25240.0
1408,100000,1,3000,300,0.0,1,7,SUCCESS,30800.0,31200.0,30800.0,400.0,31200.0
1409,50000,1,3000,300,0.0,0,0,SUCCESS,25240.0,25440.0,25240.0,200.0,25440.0
1410,10000,1,3000,300,0.0,1,1,SUCCESS,31000.0,31040.0,31000.0,40.0,31040.0
1411,10000,1,3000,300,0.0,0,2,SUCCESS,25600.0,25640.0,25600.0,40.0,25640.0
1412,50000,1,3000,300,0.0,1,3,SUCCESS,30840.0,31040.0,30840.0,200.0,31040.0
1413,100000,1,3000,300,0.0,0,4,SUCCESS,25240.0,25640.0,25240.0,400.0,25640.0
1414,10000,1,3000,300,0.0,1,5,SUCCESS,31000.0,31040.0,31000.0,40.0,31040.0
1415,10000,1,3000,300,0.0,0,6,SUCCESS,25240.0,25280.0,25240.0,40.0,25280.0
1416,50000,1,3000,300,0.0,1,7,SUCCESS,31200.0,31400.0,31200.0,200.0,31400.0
1417,10000,1,3000,300,0.0,0,0,SUCCESS,25440.0,25480.0,25440.0,40.0,25480.0
1418,100000,1,3000,300,0.0,1,1,SUCCESS,31040.0,31440.0,31040.0,400.0,31440.0
1419,50000,1,3000,300,0.0,0,2,SUCCESS,25640.0,25840.0,25640.0,200.0,25840.0
1420,10000,1,3000,300,0.0,1,3,SUCCESS,31040.0,31080.0,31040.0,40.0,31080.0
1421,10000,1,3000,300,0.0,0,4,SUCCESS,25640.0,25680.0,25640.0,40.0,25680.0
1422,50000,1,3000,300,0.0,1,5,SUCCESS,31040.0,31240.0,31040.0,200.0,31240.0
1423,100000,1,3000,300,0.0,0,6,SUCCESS,25280.0,25680.0,25280.0,400.0,25680.0
1424,10000,1,3000,300,0.0,1,7,SUCCESS,31400.0,31440.0,31400.0,40.0,31440.0
1425,10000,1,3000,300,0.0,0,0,SUCCESS,25480.0,25520.0,25480.0,40.0,25520.0
1426,50000,1,3000,300,0.0,1,1,SUCCESS,31440.0,31640.0,31440.0,200.0,31640.0
1427,10000,1,3000,300,0.0,0,2,SUCCESS,25840.0,25880.0,25840.0,40.0,25880.0
1428,100000,1,3000,300,0.0,1,3,SUCCESS,31080.0,31480.0,31080.0,400.0,31480.0
1429,50000,1,3000,300,0.0,0,4,SUCCESS,25680.0,25880.0,25680.0,200.0,25880.0
1430,10000,1,3000,300,0.0,1,5,SUCCESS,31240.0,31280.0,31240.0,40.0,31280.0
1431,10000,1,3000,300,0.0,0,6,SUCCESS,25680.0,25720.0,25680.0,40.0,25720.0
1432,50000,1,3000,300,0.0,1,7,SUCCESS,31440.0,31640.0,31440.0,200.0,31640.0
1433,100000,1,3000,300,0.0,0,0,SUCCESS,25520.0,25920.0,25520.0,400.0,25920.0
1434,10000,1,3000,300,0.0,1,1,SUCCESS,31640.0,31680.0,31640.0,40.0,31680.0
1435,10000,1,3000,300,0.0,0,2,SUCCESS,25880.0,25920.0,25880.0,40.0,25920.0
1436,50000,1,3000,300,0.0,1,3,SUCCESS,31480.0,31680.0,31480.0,200.0,31680.0
1437,10000,1,3000,300,0.0,0,4,SUCCESS,25880.0,25920.0,25880.0,40.0,25920.0
1438,100000,1,3000,300,0.0,1,5,SUCCESS,31280.0,31680.0,31280.0,400.0,31680.0
1439,50000,1,3000,300,0.0,0,6,SUCCESS,25720.0,25920.0,25720.0,200.0,25920.0
1440,10000,1,3000,300,0.0,1,7,SUCCESS,31640.0,31680.0,31640.0,40.0,31680.0
1441,10000,1,3000,300,0.0,0,0,SUCCESS,25920.0,25960.0,25920.0,40.0,25960.0
1442,50000,1,3000,300,0.0,1,1,SUCCESS,31680.0,31880.0,31680.0,200.0,31880.0
1443,100000,1,3000,300,0.0,0,2,SUCCESS,25920.0,26320.0,25920.0,400.0,26320.0
1444,10000,1,3000,300,0.0,1,3,SUCCESS,31680.0,31720.0,31680.0,40.0,31720.0
1445,10000,1,3000,300,0.0,0,4,SUCCESS,25920.0,25960.0,25920.0,40.0,25960.0
1446,50000,1,3000,300,0.0,1,5,SUCCESS,31680.0,31880.0,31680.0,200.0,31880.0
1447,10000,1,3000,300,0.0,0,6,SUCCESS,25920.0,25960.0,25920.0,40.0,25960.0
1448,100000,1,3000,300,0.0,1,7,SUCCESS,31680.0,32080.0,31680.0,400.0,32080.0
1449,50000,1,3000,300,0.0,0,0,SUCCESS,25960.0,26160.0,25960.0,200.0,26160.0
1450,10000,1,3000,300,0.0,1,1,SUCCESS,31880.0,31920.0,31880.0,40.0,31920.0
1451,10000,1,3000,300,0.0,0,2,SUCCESS,26320.0,26360.0,26320.0,40.0,26360.0
1452,50000,1,3000,300,0.0,1,3,SUCCESS,31720.0,31920.0,31720.0,200.0,31920.0
1453,100000,1,3000,300,0.0,0,4,SUCCESS,25960.0,26360.0,25960.0,400.0,26360.0
1454,10000,1,3000,300,0.0,1,5,SUCCESS,31880.0,31920.0,31880.0,40.0,31920.0
1455,10000,1,3000,300,0.0,0,6,SUCCESS,25960.0,26000.0,25960.0,40.0,26000.0
1456,50000,1,3000,300,0.0,1,7,SUCCESS,32080.0,32280.0,32080.0,200.0,32280.0
1457,10000,1,3000,300,0.0,0,0,SUCCESS,26160.0,26200.0,26160.0,40.0,26200.0
1458,100000,1,3000,300,0.0,1,1,SUCCESS,31920.0,32320.0,31920.0,400.0,32320.0
1459,50000,1,3000,300,0.0,0,2,SUCCESS,26360.0,26560.0,26360.0,200.0,26560.0
1460,10000,1,3000,300,0.0,1,3,SUCCESS,31920.0,31960.0,31920.0,40.0,31960.0
1461,10000,1,3000,300,0.0,0,4,SUCCESS,26360.0,26400.0,26360.0,40.0,26400.0
1462,50000,1,3000,300,0.0,1,5,SUCCESS,31920.0,32120.0,31920.0,200.0,32120.0
1463,100000,1,3000,300,0.0,0,6,SUCCESS,26000.0,26400.0,26000.0,400.0,26400.0
1464,10000,1,3000,300,0.0,1,7,SUCCESS,32280.0,32320.0,32280.0,40.0,32320.0
1465,10000,1,3000,300,0.0,0,0,SUCCESS,26200.0,26240.0,26200.0,40.0,26240.0
1466,50000,1,3000,300,0.0,1,1,SUCCESS,32320.0,32520.0,32320.0,200.0,32520.0
1467,10000,1,3000,300,0.0,0,2,SUCCESS,26560.0,26600.0,26560.0,40.0,26600.0
1468,100000,1,3000,300,0.0,1,3,SUCCESS,31960.0,32360.0,31960.0,400.0,32360.0
1469,50000,1,3000,300,0.0,0,4,SUCCESS,26400.0,26600.0,26400.0,200.0,26600.0
1470,10000,1,3000,300,0.0,1,5,SUCCESS,32120.0,32160.0,32120.0,40.0,32160.0
1471,10000,1,3000,300,0.0,0,6,SUCCESS,26400.0,26440.0,26400.0,40.0,26440.0
1472,50000,1,3000,300,0.0,1,7,SUCCESS,32320.0,32520.0,32320.0,200.0,32520.0
1473,100000,1,3000,300,0.0,0,0,SUCCESS,26240.0,26640.0,26240.0,400.0,26640.0
1474,10000,1,3000,300,0.0,1,1,SUCCESS,32520.0,32560.0,32520.0,40.0,32560.0
1475,10000,1,3000,300,0.0,0,2,SUCCESS,26600.0,26640.0,26600.0,40.0,26640.0
1476,50000,1,3000,300,0.0,1,3,SUCCESS,32360.0,32560.0,32360.0,200.0,32560.0
1477,10000,1,3000,300,0.0,0,4,SUCCESS,26600.0,26640.0,26600.0,40.0,26640.0
1478,100000,1,3000,300,0.0,1,5,SUCCESS,32160.0,32560.0,32160.0,400.0,32560.0
1479,50000,1,3000,300,0.0,0,6,SUCCESS,26440.0,26640.0,26440.0,200.0,26640.0
1480,10000,1,3000,300,0.0,1,7,SUCCESS,32520.0,32560.0,32520.0,40.0,32560.0
1481,10000,1,3000,300,0.0,0,0,SUCCESS,26640.0,26680.0,26640.0,40.0,26680.0
1482,50000,1,3000,300,0.0,1,1,SUCCESS,32560.0,32760.0,32560.0,200.0,32760.0
1483,100000,1,3000,300,0.0,0,2,SUCCESS,26640.0,27040.0,26640.0,400.0,27040.0
1484,10000,1,3000,300,0.0,1,3,SUCCESS,32560.0,32600.0,32560.0,40.0,32600.0
1485,10000,1,3000,300,0.0,0,4,SUCCESS,26640.0,26680.0,26640.0,40.0,26680.0
1486,50000,1,3000,300,0.0,1,5,SUCCESS,32560.0,32760.0,32560.0,200.0,32760.0
1487,10000,1,3000,300,0.0,0,6,SUCCESS,26640.0,26680.0,26640.0,40.0,26680.0
1488,100000,1,3000,300,0.0,1,7,SUCCESS,32560.0,32960.0,32560.0,400.0,32960.0
1489,50000,1,3000,300,0.0,0,0,SUCCESS,26680.0,26880.0,26680.0,200.0,26880.0
1490,10000,1,3000,300,0.0,1,1,SUCCESS,32760.0,32800.0,32760.0,40.0,32800.0
1491,10000,1,3000,300,0.0,0,2,SUCCESS,27040.0,27080.0,27040.0,40.0,27080.0
1492,50000,1,3000,300,0.0,1,3,SUCCESS,32600.0,32800.0,32600.0,200.0,32800.0
1493,100000,1,3000,300,0.0,0,4,SUCCESS,26680.0,27080.0,26680.0,400.0,27080.0
1494,10000,1,3000,300,0.0,1,5,SUCCESS,32760.0,32800.0,32760.0,40.0,32800.0
1495,10000,1,3000,300,0.0,0,6,SUCCESS,26680.0,26720.0,26680.0,40.0,26720.0
1496,50000,1,3000,300,0.0,1,7,SUCCESS,32960.0,33160.0,32960.0,200.0,33160.0
1497,10000,1,3000,300,0.0,0,0,SUCCESS,26880.0,26920.0,26880.0,40.0,26920.0
1498,100000,1,3000,300,0.0,1,1,SUCCESS,32800.0,33200.0,32800.0,400.0,33200.0
1499,50000,1,3000,300,0.0,0,2,SUCCESS,27080.0,27280.0,27080.0,200.0,27280.0
1500,10000,1,3000,300,0.0,1,3,SUCCESS,32800.0,32840.0,32800.0,40.0,32840.0
1501,10000,1,3000,300,0.0,0,4,SUCCESS,27080.0,27120.0,27080.0,40.0,27120.0
1502,50000,1,3000,300,0.0,1,5,SUCCESS,32800.0,33000.0,32800.0,200.0,33000.0
1503,100000,1,3000,300,0.0,0,6,SUCCESS,26720.0,27120.0,26720.0,400.0,27120.0
1504,10000,1,3000,300,0.0,1,7,SUCCESS,33160.0,33200.0,33160.0,40.0,33200.0
1505,10000,1,3000,300,0.0,0,0,SUCCESS,26920.0,26960.0,26920.0,40.0,26960.0
1506,50000,1,3000,300,0.0,1,1,SUCCESS,33200.0,33400.0,33200.0,200.0,33400.0
1507,10000,1,3000,300,0.0,0,2,SUCCESS,27280.0,27320.0,27280.0,40.0,27320.0
1508,100000,1,3000,300,0.0,1,3,SUCCESS,32840.0,33240.0,32840.0,400.0,33240.0
1509,50000,1,3000,300,0.0,0,4,SUCCESS,27120.0,27320.0,27120.0,200.0,27320.0
1510,10000,1,3000,300,0.0,1,5,SUCCESS,33000.0,33040.0,33000.0,40.0,33040.0
1511,10000,1,3000,300,0.0,0,6,SUCCESS,27120.0,27160.0,27120.0,40.0,27160.0
1512,50000,1,3000,300,0.0,1,7,SUCCESS,33200.0,33400.0,33200.0,200.0,33400.0
1513,100000,1,3000,300,0.0,0,0,SUCCESS,26960.0,27360.0,26960.0,400.0,27360.0
1514,10000,1,3000,300,0.0,1,1,SUCCESS,33400.0,33440.0,33400.0,40.0,33440.0
1515,10000,1,3000,300,0.0,0,2,SUCCESS,27320.0,27360.0,27320.0,40.0,27360.0
1516,50000,1,3000,300,0.0,1,3,SUCCESS,33240.0,33440.0,33240.0,200.0,33440.0
1517,10000,1,3000,300,0.0,0,4,SUCCESS,27320.0,27360.0,27320.0,40.0,27360.0
1518,100000,1,3000,300,0.0,1,5,SUCCESS,33040.0,33440.0,33040.0,400.0,33440.0
1519,50000,1,3000,300,0.0,0,6,SUCCESS,27160.0,27360.0,27160.0,200.0,27360.0
1520,10000,1,3000,300,0.0,1,7,SUCCESS,33400.0,33440.0,33400.0,40.0,33440.0
1521,10000,1,3000,300,0.0,0,0,SUCCESS,27360.0,27400.0,27360.0,40.0,27400.0
1522,50000,1,3000,300,0.0,1,1,SUCCESS,33440.0,33640.0,33440.0,200.0,33640.0
1523,100000,1,3000,300,0.0,0,2,SUCCESS,27360.0,27760.0,27360.0,400.0,27760.0
1524,10000,1,3000,300,0.0,1,3,SUCCESS,33440.0,33480.0,33440.0,40.0,33480.0
1525,10000,1,3000,300,0.0,0,4,SUCCESS,27360.0,27400.0,27360.0,40.0,27400.0
1526,50000,1,3000,300,0.0,1,5,SUCCESS,33440.0,33640.0,33440.0,200.0,33640.0
1527,10000,1,3000,300,0.0,0,6,SUCCESS,27360.0,27400.0,27360.0,40.0,27400.0
1528,100000,1,3000,300,0.0,1,7,SUCCESS,33440.0,33840.0,33440.0,400.0,33840.0
1529,50000,1,3000,300,0.0,0,0,SUCCESS,27400.0,27600.0,27400.0,200.0,27600.0
1530,10000,1,3000,300,0.0,1,1,SUCCESS,33640.0,33680.0,33640.0,40.0,33680.0
1531,10000,1,3000,300,0.0,0,2,SUCCESS,27760.0,27800.0,27760.0,40.0,27800.0
1532,50000,1,3000,300,0.0,1,3,SUCCESS,33480.0,33680.0,33480.0,200.0,33680.0
1533,100000,1,3000,300,0.0,0,4,SUCCESS,27400.0,27800.0,27400.0,400.0,27800.0
1534,10000,1,3000,300,0.0,1,5,SUCCESS,33640.0,33680.0,33640.0,40.0,33680.0
1535,10000,1,3000,300,0.0,0,6,SUCCESS,27400.0,27440.0,27400.0,40.0,27440.0
1536,50000,1,3000,300,0.0,1,7,SUCCESS,33840.0,34040.0,33840.0,200.0,34040.0
1537,10000,1,3000,300,0.0,0,0,SUCCESS,27600.0,27640.0,27600.0,40.0,27640.0
1538,100000,1,3000,300,0.0,1,1,SUCCESS,33680.0,34080.0,33680.0,400.0,34080.0
1539,50000,1,3000,300,0.0,0,2,SUCCESS,27800.0,28000.0,27800.0,200.0,28000.0
1540,10000,1,3000,300,0.0,1,3,SUCCESS,33680.0,33720.0,33680.0,40.0,33720.0
1541,10000,1,3000,300,0.0,0,4,SUCCESS,27800.0,27840.0,27800.0,40.0,27840.0
1542,50000,1,3000,300,0.0,1,5,SUCCESS,33680.0,33880.0,33680.0,200.0,33880.0
1543,100000,1,3000,300,0.0,0,6,SUCCESS,27440.0,27840.0,27440.0,400.0,27840.0
1544,10000,1,3000,300,0.0,1,7,SUCCESS,34040.0,34080.0,34040.0,40.0,34080.0
1545,10000,1,3000,300,0.0,0,0,SUCCESS,27640.0,27680.0,27640.0,40.0,27680.0
1546,50000,1,3000,300,0.0,1,1,SUCCESS,34080.0,34280.0,34080.0,200.0,34280.0
1547,10000,1,3000,300,0.0,0,2,SUCCESS,28000.0,28040.0,28000.0,40.0,28040.0
1548,100000,1,3000,300,0.0,1,3,SUCCESS,33720.0,34120.0,33720.0,400.0,34120.0
1549,50000,1,3000,300,0.0,0,4,SUCCESS,27840.0,28040.0,27840.0,200.0,28040.0
1550,10000,1,3000,300,0.0,1,5,SUCCESS,33880.0,33920.0,33880.0,40.0,33920.0
1551,10000,1,3000,300,0.0,0,6,SUCCESS,27840.0,27880.0,27840.0,40.0,27880.0
1552,50000,1,3000,300,0.0,1,7,SUCCESS,34080.0,34280.0,34080.0,200.0,34280.0
1553,100000,1,3000,300,0.0,0,0,SUCCESS,27680.0,28080.0,27680.0,400.0,28080.0
1554,10000,1,3000,300,0.0,1,1,SUCCESS,34280.0,34320.0,34280.0,40.0,34320.0
1555,10000,1,3000,300,0.0,0,2,SUCCESS,28040.0,28080.0,28040.0,40.0,28080.0
1556,50000,1,3000,300,0.0,1,3,SUCCESS,34120.0,34320.0,34120.0,200.0,34320.0
1557,10000,1,3000,300,0.0,0,4,SUCCESS,28040.0,28080.0,28040.0,40.0,28080.0
1558,100000,1,3000,300,0.0,1,5,SUCCESS,33920.0,34320.0,33920.0,400.0,34320.0
1559,50000,1,3000,300,0.0,0,6,SUCCESS,27880.0,28080.0,27880.0,200.0,28080.0
1560,10000,1,3000,300,0.0,1,7,SUCCESS,34280.0,34320.0,34280.0,40.0,34320.0
1561,10000,1,3000,300,0.0,0,0,SUCCESS,28080.0,28120.0,28080.0,40.0,28120.0
1562,50000,1,3000,300,0.0,1,1,SUCCESS,34320.0,34520.0,34320.0,200.0,34520.0
1563,100000,1,3000,300,0.0,0,2,SUCCESS,28080.0,28480.0,28080.0,400.0,28480.0
1564,10000,1,3000,300,0.0,1,3,SUCCESS,34320.0,34360.0,34320.0,40.0,34360.0
1565,10000,1,3000,300,0.0,0,4,SUCCESS,28080.0,28120.0,28080.0,40.0,28120.0
1566,50000,1,3000,300,0.0,1,5,SUCCESS,34320.0,34520.0,34320.0,200.0,34520.0
1567,10000,1,3000,300,0.0,0,6,SUCCESS,28080.0,28120.0,28080.0,40.0,28120.0
1568,100000,1,3000,300,0.0,1,7,SUCCESS,34320.0,34720.0,34320.0,400.0,34720.0
1569,50000,1,3000,300,0.0,0,0,SUCCESS,28120.0,28320.0,28120.0,200.0,28320.0
1570,10000,1,3000,300,0.0,1,1,SUCCESS,34520.0,34560.0,34520.0,40.0,34560.0
1571,10000,1,3000,300,0.0,0,2,SUCCESS,28480.0,28520.0,28480.0,40.0,28520.0
1572,50000,1,3000,300,0.0,1,3,SUCCESS,34360.0,34560.0,34360.0,200.0,34560.0
1573,100000,1,3000,300,0.0,0,4,SUCCESS,28120.0,28520.0,28120.0,400.0,28520.0
1574,10000,1,3000,300,0.0,1,5,SUCCESS,34520.0,34560.0,34520.0,40.0,34560.0
1575,10000,1,3000,300,0.0,0,6,SUCCESS,28120.0,28160.0,28120.0,40.0,28160.0
1576,50000,1,3000,300,0.0,1,7,SUCCESS,34720.0,34920.0,34720.0,200.0,34920.0
1577,10000,1,3000,300,0.0,0,0,SUCCESS,28320.0,28360.0,28320.0,40.0,28360.0
1578,100000,1,3000,300,0.0,1,1,SUCCESS,34560.0,34960.0,34560.0,400.0,34960.0
1579,50000,1,3000,300,0.0,0,2,SUCCESS,28520.0,28720.0,28520.0,200.0,28720.0
1580,10000,1,3000,300,0.0,1,3,SUCCESS,34560.0,34600.0,34560.0,40.0,34600.0
1581,10000,1,3000,300,0.0,0,4,SUCCESS,28520.0,28560.0,28520.0,40.0,28560.0
1582,50000,1,3000,300,0.0,1,5,SUCCESS,34560.0,34760.0,34560.0,200.0,34760.0
1583,100000,1,3000,300,0.0,0,6,SUCCESS,28160.0,28560.0,28160.0,400.0,28560.0
1584,10000,1,3000,300,0.0,1,7,SUCCESS,34920.0,34960.0,34920.0,40.0,34960.0
1585,10000,1,3000,300,0.0,0,0,SUCCESS,28360.0,28400.0,28360.0,40.0,28400.0
1586,50000,1,3000,300,0.0,1,1,SUCCESS,34960.0,35160.0,34960.0,200.0,35160.0
1587,10000,1,3000,300,0.0,0,2,SUCCESS,28720.0,28760.0,28720.0,40.0,28760.0
1588,100000,1,3000,300,0.0,1,3,SUCCESS,34600.0,35000.0,34600.0,400.0,35000.0
1589,50000,1,3000,300,0.0,0,4,SUCCESS,28560.0,28760.0,28560.0,200.0,28760.0
1590,10000,1,3000,300,0.0,1,5,SUCCESS,34760.0,34800.0,34760.0,40.0,34800.0
1591,10000,1,3000,300,0.0,0,6,SUCCESS,28560.0,28600.0,28560.0,40.0,28600.0
1592,50000,1,3000,300,0.0,1,7,SUCCESS,34960.0,35160.0,34960.0,200.0,35160.0
1593,100000,1,3000,300,0.0,0,0,SUCCESS,28400.0,28800.0,28400.0,400.0,28800.0
1594,10000,1,3000,300,0.0,1,1,SUCCESS,35160.0,35200.0,35160.0,40.0,35200.0
1595,10000,1,3000,300,0.0,0,2,SUCCESS,28760.0,28800.0,28760.0,40.0,28800.0
1596,50000,1,3000,300,0.0,1,3,SUCCESS,35000.0,35200.0,35000.0,200.0,35200.0
1597,10000,1,3000,300,0.0,0,4,SUCCESS,28760.0,28800.0,28760.0,40.0,28800.0
1598,100000,1,3000,300,0.0,1,5,SUCCESS,34800.0,35200.0,34800.0,400.0,35200.0
1599,50000,1,3000,300,0.0,0,6,SUCCESS,28600.0,28800.0,28600.0,200.0,28800.0
1600,10000,1,3000,300,0.0,1,7,SUCCESS,35160.0,35200.0,35160.0,40.0,35200.0
1601,10000,1,3000,300,0.0,0,0,SUCCESS,28800.0,28840.0,28800.0,40.0,28840.0
1602,50000,1,3000,300,0.0,1,1,SUCCESS,35200.0,35400.0,35200.0,200.0,35400.0
1603,100000,1,3000,300,0.0,0,2,SUCCESS,28800.0,29200.0,28800.0,400.0,29200.0
1604,10000,1,3000,300,0.0,1,3,SUCCESS,35200.0,35240.0,35200.0,40.0,35240.0
1605,10000,1,3000,300,0.0,0,4,SUCCESS,28800.0,28840.0,28800.0,40.0,28840.0
1606,50000,1,3000,300,0.0,1,5,SUCCESS,35200.0,35400.0,35200.0,200.0,35400.0
1607,10000,1,3000,300,0.0,0,6,SUCCESS,28800.0,28840.0,28800.0,40.0,28840.0
1608,100000,1,3000,300,0.0,1,7,SUCCESS,35200.0,35600.0,35200.0,400.0,35600.0
1609,50000,1,3000,300,0.0,0,0,SUCCESS,28840.0,29040.0,28840.0,200.0,29040.0
1610,10000,1,3000,300,0.0,1,1,SUCCESS,35400.0,35440.0,35400.0,40.0,35440.0
1611,10000,1,3000,300,0.0,0,2,SUCCESS,29200.0,29240.0,29200.0,40.0,29240.0
1612,50000,1,3000,300,0.0,1,3,SUCCESS,35240.0,35440.0,35240.0,200.0,35440.0
1613,100000,1,3000,300,0.0,0,4,SUCCESS,28840.0,29240.0,28840.0,400.0,29240.0
1614,10000,1,3000,300,0.0,1,5,SUCCESS,35400.0,35440.0,35400.0,40.0,35440.0
1615,10000,1,3000,300,0.0,0,6,SUCCESS,28840.0,28880.0,28840.0,40.0,28880.0
1616,50000,1,3000,300,0.0,1,7,SUCCESS,35600.0,35800.0,35600.0,200.0,35800.0
1617,10000,1,3000,300,0.0,0,0,SUCCESS,29040.0,29080.0,29040.0,40.0,29080.0
1618,100000,1,3000,300,0.0,1,1,SUCCESS,35440.0,35840.0,35440.0,400.0,35840.0
1619,50000,1,3000,300,0.0,0,2,SUCCESS,29240.0,29440.0,29240.0,200.0,29440.0
1620,10000,1,3000,300,0.0,1,3,SUCCESS,35440.0,35480.0,35440.0,40.0,35480.0
1621,10000,1,3000,300,0.0,0,4,SUCCESS,29240.0,29280.0,29240.0,40.0,29280.0
1622,50000,1,3000,300,0.0,1,5,SUCCESS,35440.0,35640.0,35440.0,200.0,35640.0
1623,100000,1,3000,300,0.0,0,6,SUCCESS,28880.0,29280.0,28880.0,400.0,29280.0
1624,10000,1,3000,300,0.0,1,7,SUCCESS,35800.0,35840.0,35800.0,40.0,35840.0
1625,10000,1,3000,300,0.0,0,0,SUCCESS,29080.0,29120.0,29080.0,40.0,29120.0
1626,50000,1,3000,300,0.0,1,1,SUCCESS,35840.0,36040.0,35840.0,200.0,36040.0
1627,10000,1,3000,300,0.0,0,2,SUCCESS,29440.0,29480.0,29440.0,40.0,29480.0
1628,100000,1,3000,300,0.0,1,3,SUCCESS,35480.0,35880.0,35480.0,400.0,35880.0
1629,50000,1,3000,300,0.0,0,4,SUCCESS,29280.0,29480.0,29280.0,200.0,29480.0
1630,10000,1,3000,300,0.0,1,5,SUCCESS,35640.0,35680.0,35640.0,40.0,35680.0
1631,10000,1,3000,300,0.0,0,6,SUCCESS,29280.0,29320.0,29280.0,40.0,29320.0
1632,50000,1,3000,300,0.0,1,7,SUCCESS,35840.0,36040.0,35840.0,200.0,36040.0
1633,100000,1,3000,300,0.0,0,0,SUCCESS,29120.0,29520.0,29120.0,400.0,29520.0
1634,10000,1,3000,300,0.0,1,1,SUCCESS,36040.0,36080.0,36040.0,40.0,36080.0
1635,10000,1,3000,300,0.0,0,2,SUCCESS,29480.0,29520.0,29480.0,40.0,29520.0
1636,50000,1,3000,300,0.0,1,3,SUCCESS,35880.0,36080.0,35880.0,200.0,36080.0
1637,10000,1,3000,300,0.0,0,4,SUCCESS,29480.0,29520.0,29480.0,40.0,29520.0
1638,100000,1,3000,300,0.0,1,5,SUCCESS,35680.0,36080.0,35680.0,400.0,36080.0
1639,50000,1,3000,300,0.0,0,6,SUCCESS,29320.0,29520.0,29320.0,200.0,29520.0
1640,10000,1,3000,300,0.0,1,7,SUCCESS,36040.0,36080.0,36040.0,40.0,36080.0
1641,10000,1,3000,300,0.0,0,0,SUCCESS,29520.0,29560.0,29520.0,40.0,29560.0
1642,50000,1,3000,300,0.0,1,1,SUCCESS,36080.0,36280.0,36080.0,200.0,36280.0
1643,100000,1,3000,300,0.0,0,2,SUCCESS,29520.0,29920.0,29520.0,400.0,29920.0
1644,10000,1,3000,300,0.0,1,3,SUCCESS,36080.0,36120.0,36080.0,40.0,36120.0
1645,10000,1,3000,300,0.0,0,4,SUCCESS,29520.0,29560.0,29520.0,40.0,29560.0
1646,50000,1,3000,300,0.0,1,5,SUCCESS,36080.0,36280.0,36080.0,200.0,36280.0
1647,10000,1,3000,300,0.0,0,6,SUCCESS,29520.0,29560.0,29520.0,40.0,29560.0
1648,100000,1,3000,300,0.0,1,7,SUCCESS,36080.0,36480.0,36080.0,400.0,36480.0
1649,50000,1,3000,300,0.0,0,0,SUCCESS,29560.0,29760.0,29560.0,200.0,29760.0
1650,10000,1,3000,300,0.0,1,1,SUCCESS,36280.0,36320.0,36280.0,40.0,36320.0
1651,10000,1,3000,300,0.0,0,2,SUCCESS,29920.0,29960.0,29920.0,40.0,29960.0
1652,50000,1,3000,300,0.0,1,3,SUCCESS,36120.0,36320.0,36120.0,200.0,36320.0
1653,100000,1,3000,300,0.0,0,4,SUCCESS,29560.0,29960.0,29560.0,400.0,29960.0
1654,10000,1,3000,300,0.0,1,5,SUCCESS,36280.0,36320.0,36280.0,40.0,36320.0
1655,10000,1,3000,300,0.0,0,6,SUCCESS,29560.0,29600.0,29560.0,40.0,29600.0
1656,50000,1,3000,300,0.0,1,7,SUCCESS,36480.0,36680.0,36480.0,200.0,36680.0
1657,10000,1,3000,300,0.0,0,0,SUCCESS,29760.0,29800.0,29760.0,40.0,29800.0
1658,100000,1,3000,300,0.0,1,1,SUCCESS,36320.0,36720.0,36320.0,400.0,36720.0
1659,50000,1,3000,300,0.0,0,2,SUCCESS,29960.0,30160.0,29960.0,200.0,30160.0
1660,10000,1,3000,300,0.0,1,3,SUCCESS,36320.0,36360.0,36320.0,40.0,36360.0
1661,10000,1,3000,300,0.0,0,4,SUCCESS,29960.0,30000.0,29960.0,40.0,30000.0
1662,50000,1,3000,300,0.0,1,5,SUCCESS,36320.0,36520.0,36320.0,200.0,36520.0
1663,100000,1,3000,300,0.0,0,6,SUCCESS,29600.0,30000.0,29600.0,400.0,30000.0
1664,10000,1,3000,300,0.0,1,7,SUCCESS,36680.0,36720.0,36680.0,40.0,36720.0
1665,10000,1,3000,300,0.0,0,0,SUCCESS,29800.0,29840.0,29800.0,40.0,29840.0
1666,50000,1,3000,300,0.0,1,1,SUCCESS,36720.0,36920.0,36720.0,200.0,36920.0
1667,10000,1,3000,300,0.0,0,2,SUCCESS,30160.0,30200.0,30160.0,40.0,30200.0
1668,100000,1,3000,300,0.0,1,3,SUCCESS,36360.0,36760.0,36360.0,400.0,36760.0
1669,50000,1,3000,300,0.0,0,4,SUCCESS,30000.0,30200.0,30000.0,200.0,30200.0
1670,10000,1,3000,300,0.0,1,5,SUCCESS,36520.0,36560.0,36520.0,40.0,36560.0
1671,10000,1,3000,300,0.0,0,6,SUCCESS,30000.0,30040.0,30000.0,40.0,30040.0
1672,50000,1,3000,300,0.0,1,7,SUCCESS,36720.0,36920.0,36720.0,200.0,36920.0
1673,100000,1,3000,300,0.0,0,0,SUCCESS,29840.0,30240.0,29840.0,400.0,30240.0
1674,10000,1,3000,300,0.0,1,1,SUCCESS,36920.0,36960.0,36920.0,40.0,36960.0
1675,10000,1,3000,300,0.0,0,2,SUCCESS,30200.0,30240.0,30200.0,40.0,30240.0
1676,50000,1,3000,300,0.0,1,3,SUCCESS,36760.0,36960.0,36760.0,200.0,36960.0
1677,10000,1,3000,300,0.0,0,4,SUCCESS,30200.0,30240.0,30200.0,40.0,30240.0
1678,100000,1,3000,300,0.0,1,5,SUCCESS,36560.0,36960.0,36560.0,400.0,36960.0
1679,50000,1,3000,300,0.0,0,6,SUCCESS,30040.0,30240.0,30040.0,200.0,30240.0
1680,10000,1,3000,300,0.0,1,7,SUCCESS,36920.0,36960.0,36920.0,40.0,36960.0
1681,10000,1,3000,300,0.0,0,0,SUCCESS,30240.0,30280.0,30240.0,40.0,30280.0
1682,50000,1,3000,300,0.0,1,1,SUCCESS,36960.0,37160.0,36960.0,200.0,37160.0
1683,100000,1,3000,300,0.0,0,2,SUCCESS,30240.0,30640.0,30240.0,400.0,30640.0
1684,10000,1,3000,300,0.0,1,3,SUCCESS,36960.0,37000.0,36960.0,40.0,37000.0
1685,10000,1,3000,300,0.0,0,4,SUCCESS,30240.0,30280.0,30240.0,40.0,30280.0
1686,50000,1,3000,300,0.0,1,5,SUCCESS,36960.0,37160.0,36960.0,200.0,37160.0
1687,10000,1,3000,300,0.0,0,6,SUCCESS,30240.0,30280.0,30240.0,40.0,30280.0
1688,100000,1,3000,300,0.0,1,7,SUCCESS,36960.0,37360.0,36960.0,400.0,37360.0
1689,50000,1,3000,300,0.0,0,0,SUCCESS,30280.0,30480.0,30280.0,200.0,30480.0
1690,10000,1,3000,300,0.0,1,1,SUCCESS,37160.0,37200.0,37160.0,40.0,37200.0
1691,10000,1,3000,300,0.0,0,2,SUCCESS,30640.0,30680.0,30640.0,40.0,30680.0
1692,50000,1,3000,300,0.0,1,3,SUCCESS,37000.0,37200.0,37000.0,200.0,37200.0
1693,100000,1,3000,300,0.0,0,4,SUCCESS,30280.0,30680.0,30280.0,400.0,30680.0
1694,10000,1,3000,300,0.0,1,5,SUCCESS,37160.0,37200.0,37160.0,40.0,37200.0
1695,10000,1,3000,300,0.0,0,6,SUCCESS,30280.0,30320.0,30280.0,40.0,30320.0
1696,50000,1,3000,300,0.0,1,7,SUCCESS,37360.0,37560.0,37360.0,200.0,37560.0
1697,10000,1,3000,300,0.0,0,0,SUCCESS,30480.0,30520.0,30480.0,40.0,30520.0
1698,100000,1,3000,300,0.0,1,1,SUCCESS,37200.0,37600.0,37200.0,400.0,37600.0
1699,50000,1,3000,300,0.0,0,2,SUCCESS,30680.0,30880.0,30680.0,200.0,30880.0
1700,10000,1,3000,300,0.0,1,3,SUCCESS,37200.0,37240.0,37200.0,40.0,37240.0
1701,10000,1,3000,300,0.0,0,4,SUCCESS,30680.0,30720.0,30680.0,40.0,30720.0
1702,50000,1,3000,300,0.0,1,5,SUCCESS,37200.0,37400.0,37200.0,200.0,37400.0
1703,100000,1,3000,300,0.0,0,6,SUCCESS,30320.0,30720.0,30320.0,400.0,30720.0
1704,10000,1,3000,300,0.0,1,7,SUCCESS,37560.0,37600.0,37560.0,40.0,37600.0
1705,10000,1,3000,300,0.0,0,0,SUCCESS,30520.0,30560.0,30520.0,40.0,30560.0
1706,50000,1,3000,300,0.0,1,1,SUCCESS,37600.0,37800.0,37600.0,200.0,37800.0
1707,10000,1,3000,300,0.0,0,2,SUCCESS,30880.0,30920.0,30880.0,40.0,30920.0
1708,100000,1,3000,300,0.0,1,3,SUCCESS,37240.0,37640.0,37240.0,400.0,37640.0
1709,50000,1,3000,300,0.0,0,4,SUCCESS,30720.0,30920.0,30720.0,200.0,30920.0
1710,10000,1,3000,300,0.0,1,5,SUCCESS,37400.0,37440.0,37400.0,40.0,37440.0
1711,10000,1,3000,300,0.0,0,6,SUCCESS,30720.0,30760.0,30720.0,40.0,30760.0
1712,50000,1,3000,300,0.0,1,7,SUCCESS,37600.0,37800.0,37600.0,200.0,37800.0
1713,100000,1,3000,300,0.0,0,0,SUCCESS,30560.0,30960.0,30560.0,400.0,30960.0
1714,10000,1,3000,300,0.0,1,1,SUCCESS,37800.0,37840.0,37800.0,40.0,37840.0
1715,10000,1,3000,300,0.0,0,2,SUCCESS,30920.0,30960.0,30920.0,40.0,30960.0
1716,50000,1,3000,300,0.0,1,3,SUCCESS,37640.0,37840.0,37640.0,200.0,37840.0
1717,10000,1,3000,300,0.0,0,4,SUCCESS,30920.0,30960.0,30920.0,40.0,30960.0
1718,100000,1,3000,300,0.0,1,5,SUCCESS,37440.0,37840.0,37440.0,400.0,37840.0
1719,50000,1,3000,300,0.0,0,6,SUCCESS,30760.0,30960.0,30760.0,200.0,30960.0
1720,10000,1,3000,300,0.0,1,7,SUCCESS,37800.0,37840.0,37800.0,40.0,37840.0
1721,10000,1,3000,300,0.0,0,0,SUCCESS,30960.0,31000.0,30960.0,40.0,31000.0
1722,50000,1,3000,300,0.0,1,1,SUCCESS,37840.0,38040.0,37840.0,200.0,38040.0
1723,100000,1,3000,300,0.0,0,2,SUCCESS,30960.0,31360.0,30960.0,400.0,31360.0
1724,10000,1,3000,300,0.0,1,3,SUCCESS,37840.0,37880.0,37840.0,40.0,37880.0
1725,10000,1,3000,300,0.0,0,4,SUCCESS,30960.0,31000.0,30960.0,40.0,31000.0
1726,50000,1,3000,300,0.0,1,5,SUCCESS,37840.0,38040.0,37840.0,200.0,38040.0
1727,10000,1,3000,300,0.0,0,6,SUCCESS,30960.0,31000.0,30960.0,40.0,31000.0
1728,100000,1,3000,300,0.0,1,7,SUCCESS,37840.0,38240.0,37840.0,400.0,38240.0
1729,50000,1,3000,300,0.0,0,0,SUCCESS,31000.0,31200.0,31000.0,200.0,31200.0
1730,10000,1,3000,300,0.0,1,1,SUCCESS,38040.0,38080.0,38040.0,40.0,38080.0
1731,10000,1,3000,300,0.0,0,2,SUCCESS,31360.0,31400.0,31360.0,40.0,31400.0
1732,50000,1,3000,300,0.0,1,3,SUCCESS,37880.0,38080.0,37880.0,200.0,38080.0
1733,100000,1,3000,300,0.0,0,4,SUCCESS,31000.0,31400.0,31000.0,400.0,31400.0
1734,10000,1,3000,300,0.0,1,5,SUCCESS,38040.0,38080.0,38040.0,40.0,38080.0
1735,10000,1,3000,300,0.0,0,6,SUCCESS,31000.0,31040.0,31000.0,40.0,31040.0
1736,50000,1,3000,300,0.0,1,7,SUCCESS,38240.0,38440.0,38240.0,200.0,38440.0
1737,10000,1,3000,300,0.0,0,0,SUCCESS,31200.0,31240.0,31200.0,40.0,31240.0
1738,100000,1,3000,300,0.0,1,1,SUCCESS,38080.0,38480.0,38080.0,400.0,38480.0
1739,50000,1,3000,300,0.0,0,2,SUCCESS,31400.0,31600.0,31400.0,200.0,31600.0
1740,10000,1,3000,300,0.0,1,3,SUCCESS,38080.0,38120.0,38080.0,40.0,38120.0
1741,10000,1,3000,300,0.0,0,4,SUCCESS,31400.0,31440.0,31400.0,40.0,31440.0
1742,50000,1,3000,300,0.0,1,5,SUCCESS,38080.0,38280.0,38080.0,200.0,38280.0
1743,100000,1,3000,300,0.0,0,6,SUCCESS,31040.0,31440.0,31040.0,400.0,31440.0
1744,10000,1,3000,300,0.0,1,7,SUCCESS,38440.0,38480.0,38440.0,40.0,38480.0
1745,10000,1,3000,300,0.0,0,0,SUCCESS,31240.0,31280.0,31240.0,40.0,31280.0
1746,50000,1,3000,300,0.0,1,1,SUCCESS,38480.0,38680.0,38480.0,200.0,38680.0
1747,10000,1,3000,300,0.0,0,2,SUCCESS,31600.0,31640.0,31600.0,40.0,31640.0
1748,100000,1,3000,300,0.0,1,3,SUCCESS,38120.0,38520.0,38120.0,400.0,38520.0
1749,50000,1,3000,300,0.0,0,4,SUCCESS,31440.0,31640.0,31440.0,200.0,31640.0
1750,10000,1,3000,300,0.0,1,5,SUCCESS,38280.0,38320.0,38280.0,40.0,38320.0
1751,10000,1,3000,300,0.0,0,6,SUCCESS,31440.0,31480.0,31440.0,40.0,31480.0
1752,50000,1,3000,300,0.0,1,7,SUCCESS,38480.0,38680.0,38480.0,200.0,38680.0
1753,100000,1,3000,300,0.0,0,0,SUCCESS,31280.0,31680.0,31280.0,400.0,31680.0
1754,10000,1,3000,300,0.0,1,1,SUCCESS,38680.0,38720.0,38680.0,40.0,38720.0
1755,10000,1,3000,300,0.0,0,2,SUCCESS,31640.0,31680.0,31640.0,40.0,31680.0
1756,50000,1,3000,300,0.0,1,3,SUCCESS,38520.0,38720.0,38520.0,200.0,38720.0
1757,10000,1,3000,300,0.0,0,4,SUCCESS,31640.0,31680.0,31640.0,40.0,31680.0
1758,100000,1,3000,300,0.0,1,5,SUCCESS,38320.0,38720.0,38320.0,400.0,38720.0
1759,50000,1,3000,300,0.0,0,6,SUCCESS,31480.0,31680.0,31480.0,200.0,31680.0
1760,10000,1,3000,300,0.0,1,7,SUCCESS,38680.0,38720.0,38680.0,40.0,38720.0
1761,10000,1,3000,300,0.0,0,0,SUCCESS,31680.0,31720.0,31680.0,40.0,31720.0
1762,50000,1,3000,300,0.0,1,1,SUCCESS,38720.0,38920.0,38720.0,200.0,38920.0
1763,100000,1,3000,300,0.0,0,2,SUCCESS,31680.0,32080.0,31680.0,400.0,32080.0
1764,10000,1,3000,300,0.0,1,3,SUCCESS,38720.0,38760.0,38720.0,40.0,38760.0
1765,10000,1,3000,300,0.0,0,4,SUCCESS,31680.0,31720.0,31680.0,40.0,31720.0
1766,50000,1,3000,300,0.0,1,5,SUCCESS,38720.0,38920.0,38720.0,200.0,38920.0
1767,10000,1,3000,300,0.0,0,6,SUCCESS,31680.0,31720.0,31680.0,40.0,31720.0
1768,100000,1,3000,300,0.0,1,7,SUCCESS,38720.0,39120.0,38720.0,400.0,39120.0
1769,50000,1,3000,300,0.0,0,0,SUCCESS,31720.0,31920.0,31720.0,200.0,31920.0
1770,10000,1,3000,300,0.0,1,1,SUCCESS,38920.0,38960.0,38920.0,40.0,38960.0
1771,10000,1,3000,300,0.0,0,2,SUCCESS,32080.0,32120.0,32080.0,40.0,32120.0
1772,50000,1,3000,300,0.0,1,3,SUCCESS,38760.0,38960.0,38760.0,200.0,38960.0
1773,100000,1,3000,300,0.0,0,4,SUCCESS,31720.0,32120.0,31720.0,400.0,32120.0
1774,10000,1,3000,300,0.0,1,5,SUCCESS,38920.0,38960.0,38920.0,40.0,38960.0
1775,10000,1,3000,300,0.0,0,6,SUCCESS,31720.0,31760.0,31720.0,40.0,31760.0
1776,50000,1,3000,300,0.0,1,7,SUCCESS,39120.0,39320.0,39120.0,200.0,39320.0
1777,10000,1,3000,300,0.0,0,0,SUCCESS,31920.0,31960.0,31920.0,40.0,31960.0
1778,100000,1,3000,300,0.0,1,1,SUCCESS,38960.0,39360.0,38960.0,400.0,39360.0
1779,50000,1,3000,300,0.0,0,2,SUCCESS,32120.0,32320.0,32120.0,200.0,32320.0
1780,10000,1,3000,300,0.0,1,3,SUCCESS,38960.0,39000.0,38960.0,40.0,39000.0
1781,10000,1,3000,300,0.0,0,4,SUCCESS,32120.0,32160.0,32120.0,40.0,32160.0
1782,50000,1,3000,300,0.0,1,5,SUCCESS,38960.0,39160.0,38960.0,200.0,39160.0
1783,100000,1,3000,300,0.0,0,6,SUCCESS,31760.0,32160.0,31760.0,400.0,32160.0
1784,10000,1,3000,300,0.0,1,7,SUCCESS,39320.0,39360.0,39320.0,40.0,39360.0
1785,10000,1,3000,300,0.0,0,0,SUCCESS,31960.0,32000.0,31960.0,40.0,32000.0
1786,50000,1,3000,300,0.0,1,1,SUCCESS,39360.0,39560.0,39360.0,200.0,39560.0
1787,10000,1,3000,300,0.0,0,2,SUCCESS,32320.0,32360.0,32320.0,40.0,32360.0
1788,100000,1,3000,300,0.0,1,3,SUCCESS,39000.0,39400.0,39000.0,400.0,39400.0
1789,50000,1,3000,300,0.0,0,4,SUCCESS,32160.0,32360.0,32160.0,200.0,32360.0
1790,10000,1,3000,300,0.0,1,5,SUCCESS,39160.0,39200.0,39160.0,40.0,39200.0
1791,10000,1,3000,300,0.0,0,6,SUCCESS,32160.0,32200.0,32160.0,40.0,32200.0
1792,50000,1,3000,300,0.0,1,7,SUCCESS,39360.0,39560.0,39360.0,200.0,39560.0
1793,100000,1,3000,300,0.0,0,0,SUCCESS,32000.0,32400.0,32000.0,400.0,32400.0
1794,10000,1,3000,300,0.0,1,1,SUCCESS,39560.0,39600.0,39560.0,40.0,39600.0
1795,10000,1,3000,300,0.0,0,2,SUCCESS,32360.0,32400.0,32360.0,40.0,32400.0
1796,50000,1,3000,300,0.0,1,3,SUCCESS,39400.0,39600.0,39400.0,200.0,39600.0
1797,10000,1,3000,300,0.0,0,4,SUCCESS,32360.0,32400.0,32360.0,40.0,32400.0
1798,100000,1,3000,300,0.0,1,5,SUCCESS,39200.0,39600.0,39200.0,400.0,39600.0
1799,50000,1,3000,300,0.0,0,6,SUCCESS,32200.0,32400.0,32200.0,200.0,32400.0
1800,10000,1,3000,300,0.0,1,7,SUCCESS,39560.0,39600.0,39560.0,40.0,39600.0
1801,10000,1,3000,300,0.0,0,0,SUCCESS,32400.0,32440.0,32400.0,40.0,32440.0
1802,50000,1,3000,300,0.0,1,1,SUCCESS,39600.0,39800.0,39600.0,200.0,39800.0
1803,100000,1,3000,300,0.0,0,2,SUCCESS,32400.0,32800.0,32400.0,400.0,32800.0
1804,10000,1,3000,300,0.0,1,3,SUCCESS,39600.0,39640.0,39600.0,40.0,39640.0
1805,10000,1,3000,300,0.0,0,4,SUCCESS,32400.0,32440.0,32400.0,40.0,32440.0
1806,50000,1,3000,300,0.0,1,5,SUCCESS,39600.0,39800.0,39600.0,200.0,39800.0
1807,10000,1,3000,300,0.0,0,6,SUCCESS,32400.0,32440.0,32400.0,40.0,32440.0
1808,100000,1,3000,300,0.0,1,7,SUCCESS,39600.0,40000.0,39600.0,400.0,40000.0
1809,50000,1,3000,300,0.0,0,0,SUCCESS,32440.0,32640.0,32440.0,200.0,32640.0
1810,10000,1,3000,300,0.0,1,1,SUCCESS,39800.0,39840.0,39800.0,40.0,39840.0
1811,10000,1,3000,300,0.0,0,2,SUCCESS,32800.0,32840.0,32800.0,40.0,32840.0
1812,50000,1,3000,300,0.0,1,3,SUCCESS,39640.0,39840.0,39640.0,200.0,39840.0
1813,100000,1,3000,300,0.0,0,4,SUCCESS,32440.0,32840.0,32440.0,400.0,32840.0
1814,10000,1,3000,300,0.0,1,5,SUCCESS,39800.0,39840.0,39800.0,40.0,39840.0
1815,10000,1,3000,300,0.0,0,6,SUCCESS,32440.0,32480.0,32440.0,40.0,32480.0
1816,50000,1,3000,300,0.0,1,7,SUCCESS,40000.0,40200.0,40000.0,200.0,40200.0
1817,10000,1,3000,300,0.0,0,0,SUCCESS,32640.0,32680.0,32640.0,40.0,32680.0
1818,100000,1,3000,300,0.0,1,1,SUCCESS,39840.0,40240.0,39840.0,400.0,40240.0
1819,50000,1,3000,300,0.0,0,2,SUCCESS,32840.0,33040.0,32840.0,200.0,33040.0
1820,10000,1,3000,300,0.0,1,3,SUCCESS,39840.0,39880.0,39840.0,40.0,39880.0
1821,10000,1,3000,300,0.0,0,4,SUCCESS,32840.0,32880.0,32840.0,40.0,32880.0
1822,50000,1,3000,300,0.0,1,5,SUCCESS,39840.0,40040.0,39840.0,200.0,40040.0
1823,100000,1,3000,300,0.0,0,6,SUCCESS,32480.0,32880.0,32480.0,400.0,32880.0
1824,10000,1,3000,300,0.0,1,7,SUCCESS,40200.0,40240.0,40200.0,40.0,40240.0
1825,10000,1,3000,300,0.0,0,0,SUCCESS,32680.0,32720.0,32680.0,40.0,32720.0
1826,50000,1,3000,300,0.0,1,1,SUCCESS,40240.0,40440.0,40240.0,200.0,40440.0
1827,10000,1,3000,300,0.0,0,2,SUCCESS,33040.0,33080.0,33040.0,40.0,33080.0
1828,100000,1,3000,300,0.0,1,3,SUCCESS,39880.0,40280.0,39880.0,400.0,40280.0
1829,50000,1,3000,300,0.0,0,4,SUCCESS,32880.0,33080.0,32880.0,200.0,33080.0
1830,10000,1,3000,300,0.0,1,5,SUCCESS,40040.0,40080.0,40040.0,40.0,40080.0
1831,10000,1,3000,300,0.0,0,6,SUCCESS,32880.0,32920.0,32880.0,40.0,32920.0
1832,50000,1,3000,300,0.0,1,7,SUCCESS,40240.0,40440.0,40240.0,200.0,40440.0
1833,100000,1,3000,300,0.0,0,0,SUCCESS,32720.0,33120.0,32720.0,400.0,33120.0
1834,10000,1,3000,300,0.0,1,1,SUCCESS,40440.0,40480.0,40440.0,40.0,40480.0
1835,10000,1,3000,300,0.0,0,2,SUCCESS,33080.0,33120.0,33080.0,40.0,33120.0
1836,50000,1,3000,300,0.0,1,3,SUCCESS,40280.0,40480.0,40280.0,200.0,40480.0
1837,10000,1,3000,300,0.0,0,4,SUCCESS,33080.0,33120.0,33080.0,40.0,33120.0
1838,100000,1,3000,300,0.0,1,5,SUCCESS,40080.0,40480.0,40080.0,400.0,40480.0
1839,50000,1,3000,300,0.0,0,6,SUCCESS,32920.0,33120.0,32920.0,200.0,33120.0
1840,10000,1,3000,300,0.0,1,7,SUCCESS,40440.0,40480.0,40440.0,40.0,40480.0
1841,10000,1,3000,300,0.0,0,0,SUCCESS,33120.0,33160.0,33120.0,40.0,33160.0
1842,50000,1,3000,300,0.0,1,1,SUCCESS,40480.0,40680.0,40480.0,200.0,40680.0
1843,100000,1,3000,300,0.0,0,2,SUCCESS,33120.0,33520.0,33120.0,400.0,33520.0
1844,10000,1,3000,300,0.0,1,3,SUCCESS,40480.0,40520.0,40480.0,40.0,40520.0
1845,10000,1,3000,300,0.0,0,4,SUCCESS,33120.0,33160.0,33120.0,40.0,33160.0
1846,50000,1,3000,300,0.0,1,5,SUCCESS,40480.0,40680.0,40480.0,200.0,40680.0
1847,10000,1,3000,300,0.0,0,6,SUCCESS,33120.0,33160.0,33120.0,40.0,33160.0
1848,100000,1,3000,300,0.0,1,7,SUCCESS,40480.0,40880.0,40480.0,400.0,40880.0
1849,50000,1,3000,300,0.0,0,0,SUCCESS,33160.0,33360.0,33160.0,200.0,33360.0
1850,10000,1,3000,300,0.0,1,1,SUCCESS,40680.0,40720.0,40680.0,40.0,40720.0
1851,10000,1,3000,300,0.0,0,2,SUCCESS,33520.0,33560.0,33520.0,40.0,33560.0
1852,50000,1,3000,300,0.0,1,3,SUCCESS,40520.0,40720.0,40520.0,200.0,40720.0
1853,100000,1,3000,300,0.0,0,4,SUCCESS,33160.0,33560.0,33160.0,400.0,33560.0
1854,10000,1,3000,300,0.0,1,5,SUCCESS,40680.0,40720.0,40680.0,40.0,40720.0
1855,10000,1,3000,300,0.0,0,6,SUCCESS,33160.0,33200.0,33160.0,40.0,33200.0
1856,50000,1,3000,300,0.0,1,7,SUCCESS,40880.0,41080.0,40880.0,200.0,41080.0
1857,10000,1,3000,300,0.0,0,0,SUCCESS,33360.0,33400.0,33360.0,40.0,33400.0
1858,100000,1,3000,300,0.0,1,1,SUCCESS,40720.0,41120.0,40720.0,400.0,41120.0
1859,50000,1,3000,300,0.0,0,2,SUCCESS,33560.0,33760.0,33560.0,200.0,33760.0
1860,10000,1,3000,300,0.0,1,3,SUCCESS,40720.0,40760.0,40720.0,40.0,40760.0
1861,10000,1,3000,300,0.0,0,4,SUCCESS,33560.0,33600.0,33560.0,40.0,33600.0
1862,50000,1,3000,300,0.0,1,5,SUCCESS,40720.0,40920.0,40720.0,200.0,40920.0
1863,100000,1,3000,300,0.0,0,6,SUCCESS,33200.0,33600.0,33200.0,400.0,33600.0
1864,10000,1,3000,300,0.0,1,7,SUCCESS,41080.0,41120.0,41080.0,40.0,41120.0
1865,10000,1,3000,300,0.0,0,0,SUCCESS,33400.0,33440.0,33400.0,40.0,33440.0
1866,50000,1,3000,300,0.0,1,1,SUCCESS,41120.0,41320.0,41120.0,200.0,41320.0
1867,10000,1,3000,300,0.0,0,2,SUCCESS,33760.0,33800.0,33760.0,40.0,33800.0
1868,100000,1,3000,300,0.0,1,3,SUCCESS,40760.0,41160.0,40760.0,400.0,41160.0
1869,50000,1,3000,300,0.0,0,4,SUCCESS,33600.0,33800.0,33600.0,200.0,33800.0
1870,10000,1,3000,300,0.0,1,5,SUCCESS,40920.0,40960.0,40920.0,40.0,40960.0
1871,10000,1,3000,300,0.0,0,6,SUCCESS,33600.0,33640.0,33600.0,40.0,33640.0
1872,50000,1,3000,300,0.0,1,7,SUCCESS,41120.0,41320.0,41120.0,200.0,41320.0
1873,100000,1,3000,300,0.0,0,0,SUCCESS,33440.0,33840.0,33440.0,400.0,33840.0
1874,10000,1,3000,300,0.0,1,1,SUCCESS,41320.0,41360.0,41320.0,40.0,41360.0
1875,10000,1,3000,300,0.0,0,2,SUCCESS,33800.0,33840.0,33800.0,40.0,33840.0
1876,50000,1,3000,300,0.0,1,3,SUCCESS,41160.0,41360.0,41160.0,200.0,41360.0
1877,10000,1,3000,300,0.0,0,4,SUCCESS,33800.0,33840.0,33800.0,40.0,33840.0
1878,100000,1,3000,300,0.0,1,5,SUCCESS,40960.0,41360.0,40960.0,400.0,41360.0
1879,50000,1,3000,300,0.0,0,6,SUCCESS,33640.0,33840.0,33640.0,200.0,33840.0
1880,10000,1,3000,300,0.0,1,7,SUCCESS,41320.0,41360.0,41320.0,40.0,41360.0
1881,10000,1,3000,300,0.0,0,0,SUCCESS,33840.0,33880.0,33840.0,40.0,33880.0
1882,50000,1,3000,300,0.0,1,1,SUCCESS,41360.0,41560.0,41360.0,200.0,41560.0
1883,100000,1,3000,300,0.0,0,2,SUCCESS,33840.0,34240.0,33840.0,400.0,34240.0
1884,10000,1,3000,300,0.0,1,3,SUCCESS,41360.0,41400.0,41360.0,40.0,41400.0
1885,10000,1,3000,300,0.0,0,4,SUCCESS,33840.0,33880.0,33840.0,40.0,33880.0
1886,50000,1,3000,300,0.0,1,5,SUCCESS,41360.0,41560.0,41360.0,200.0,41560.0
1887,10000,1,3000,300,0.0,0,6,SUCCESS,33840.0,33880.0,33840.0,40.0,33880.0
1888,100000,1,3000,300,0.0,1,7,SUCCESS,41360.0,41760.0,41360.0,400.0,41760.0
1889,50000,1,3000,300,0.0,0,0,SUCCESS,33880.0,34080.0,33880.0,200.0,34080.0
1890,10000,1,3000,300,0.0,1,1,SUCCESS,41560.0,41600.0,41560.0,40.0,41600.0
1891,10000,1,3000,300,0.0,0,2,SUCCESS,34240.0,34280.0,34240.0,40.0,34280.0
1892,50000,1,3000,300,0.0,1,3,SUCCESS,41400.0,41600.0,41400.0,200.0,41600.0
1893,100000,1,3000,300,0.0,0,4,SUCCESS,33880.0,34280.0,33880.0,400.0,34280.0
1894,10000,1,3000,300,0.0,1,5,SUCCESS,41560.0,41600.0,41560.0,40.0,41600.0
1895,10000,1,3000,300,0.0,0,6,SUCCESS,33880.0,33920.0,33880.0,40.0,33920.0
1896,50000,1,3000,300,0.0,1,7,SUCCESS,41760.0,41960.0,41760.0,200.0,41960.0
1897,10000,1,3000,300,0.0,0,0,SUCCESS,34080.0,34120.0,34080.0,40.0,34120.0
1898,100000,1,3000,300,0.0,1,1,SUCCESS,41600.0,42000.0,41600.0,400.0,42000.0
1899,50000,1,3000,300,0.0,0,2,SUCCESS,34280.0,34480.0,34280.0,200.0,34480.0
1900,10000,1,3000,300,0.0,1,3,SUCCESS,41600.0,41640.0,41600.0,40.0,41640.0
1901,10000,1,3000,300,0.0,0,4,SUCCESS,34280.0,34320.0,34280.0,40.0,34320.0
1902,50000,1,3000,300,0.0,1,5,SUCCESS,41600.0,41800.0,41600.0,200.0,41800.0
1903,100000,1,3000,300,0.0,0,6,SUCCESS,33920.0,34320.0,33920.0,400.0,34320.0
1904,10000,1,3000,300,0.0,1,7,SUCCESS,41960.0,42000.0,41960.0,40.0,42000.0
1905,10000,1,3000,300,0.0,0,0,SUCCESS,34120.0,34160.0,34120.0,40.0,34160.0
1906,50000,1,3000,300,0.0,1,1,SUCCESS,42000.0,42200.0,42000.0,200.0,42200.0
1907,10000,1,3000,300,0.0,0,2,SUCCESS,34480.0,34520.0,34480.0,40.0,34520.0
1908,100000,1,3000,300,0.0,1,3,SUCCESS,41640.0,42040.0,41640.0,400.0,42040.0
1909,50000,1,3000,300,0.0,0,4,SUCCESS,34320.0,34520.0,34320.0,200.0,34520.0
1910,10000,1,3000,300,0.0,1,5,SUCCESS,41800.0,41840.0,41800.0,40.0,41840.0
1911,10000,1,3000,300,0.0,0,6,SUCCESS,34320.0,34360.0,34320.0,40.0,34360.0
1912,50000,1,3000,300,0.0,1,7,SUCCESS,42000.0,42200.0,42000.0,200.0,42200.0
1913,100000,1,3000,300,0.0,0,0,SUCCESS,34160.0,34560.0,34160.0,400.0,34560.0
1914,10000,1,3000,300,0.0,1,1,SUCCESS,42200.0,42240.0,42200.0,40.0,42240.0
1915,10000,1,3000,300,0.0,0,2,SUCCESS,34520.0,34560.0,34520.0,40.0,34560.0
1916,50000,1,3000,300,0.0,1,3,SUCCESS,42040.0,42240.0,42040.0,200.0,42240.0
1917,10000,1,3000,300,0.0,0,4,SUCCESS,34520.0,34560.0,34520.0,40.0,34560.0
1918,100000,1,3000,300,0.0,1,5,SUCCESS,41840.0,42240.0,41840.0,400.0,42240.0
1919,50000,1,3000,300,0.0,0,6,SUCCESS,34360.0,34560.0,34360.0,200.0,34560.0
1920,10000,1,3000,300,0.0,1,7,SUCCESS,42200.0,42240.0,42200.0,40.0,42240.0
1921,10000,1,3000,300,0.0,0,0,SUCCESS,34560.0,34600.0,34560.0,40.0,34600.0
1922,50000,1,3000,300,0.0,1,1,SUCCESS,42240.0,42440.0,42240.0,200.0,42440.0
1923,100000,1,3000,300,0.0,0,2,SUCCESS,34560.0,34960.0,34560.0,400.0,34960.0
1924,10000,1,3000,300,0.0,1,3,SUCCESS,42240.0,42280.0,42240.0,40.0,42280.0
1925,10000,1,3000,300,0.0,0,4,SUCCESS,34560.0,34600.0,34560.0,40.0,34600.0
1926,50000,1,3000,300,0.0,1,5,SUCCESS,42240.0,42440.0,42240.0,200.0,42440.0
1927,10000,1,3000,300,0.0,0,6,SUCCESS,34560.0,34600.0,34560.0,40.0,34600.0
1928,100000,1,3000,300,0.0,1,7,SUCCESS,42240.0,42640.0,42240.0,400.0,42640.0
1929,50000,1,3000,300,0.0,0,0,SUCCESS,34600.0,34800.0,34600.0,200.0,34800.0
1930,10000,1,3000,300,0.0,1,1,SUCCESS,42440.0,42480.0,42440.0,40.0,42480.0
1931,10000,1,3000,300,0.0,0,2,SUCCESS,34960.0,35000.0,34960.0,40.0,35000.0
1932,50000,1,3000,300,0.0,1,3,SUCCESS,42280.0,42480.0,42280.0,200.0,42480.0
1933,100000,1,3000,300,0.0,0,4,SUCCESS,34600.0,35000.0,34600.0,400.0,35000.0
1934,10000,1,3000,300,0.0,1,5,SUCCESS,42440.0,42480.0,42440.0,40.0,42480.0
1935,10000,1,3000,300,0.0,0,6,SUCCESS,34600.0,34640.0,34600.0,40.0,34640.0
1936,50000,1,3000,300,0.0,1,7,SUCCESS,42640.0,42840.0,42640.0,200.0,42840.0
1937,10000,1,3000,300,0.0,0,0,SUCCESS,34800.0,34840.0,34800.0,40.0,34840.0
1938,100000,1,3000,300,0.0,1,1,SUCCESS,42480.0,42880.0,42480.0,400.0,42880.0
1939,50000,1,3000,300,0.0,0,2,SUCCESS,35000.0,35200.0,35000.0,200.0,35200.0
1940,10000,1,3000,300,0.0,1,3,SUCCESS,42480.0,42520.0,42480.0,40.0,42520.0
1941,10000,1,3000,300,0.0,0,4,SUCCESS,35000.0,35040.0,35000.0,40.0,35040.0
1942,50000,1,3000,300,0.0,1,5,SUCCESS,42480.0,42680.0,42480.0,200.0,42680.0
1943,100000,1,3000,300,0.0,0,6,SUCCESS,34640.0,35040.0,34640.0,400.0,35040.0
1944,10000,1,3000,300,0.0,1,7,SUCCESS,42840.0,42880.0,42840.0,40.0,42880.0
1945,10000,1,3000,300,0.0,0,0,SUCCESS,34840.0,34880.0,34840.0,40.0,34880.0
1946,50000,1,3000,300,0.0,1,1,SUCCESS,42880.0,43080.0,42880.0,200.0,43080.0
1947,10000,1,3000,300,0.0,0,2,SUCCESS,35200.0,35240.0,35200.0,40.0,35240.0
1948,100000,1,3000,300,0.0,1,3,SUCCESS,42520.0,42920.0,42520.0,400.0,42920.0
1949,50000,1,3000,300,0.0,0,4,SUCCESS,35040.0,35240.0,35040.0,200.0,35240.0
1950,10000,1,3000,300,0.0,1,5,SUCCESS,42680.0,42720.0,42680.0,40.0,42720.0
1951,10000,1,3000,300,0.0,0,6,SUCCESS,35040.0,35080.0,35040.0,40.0,35080.0
1952,50000,1,3000,300,0.0,1,7,SUCCESS,42880.0,43080.0,42880.0,200.0,43080.0
1953,100000,1,3000,300,0.0,0,0,SUCCESS,34880.0,35280.0,34880.0,400.0,35280.0
1954,10000,1,3000,300,0.0,1,1,SUCCESS,43080.0,43120.0,43080.0,40.0,43120.0
1955,10000,1,3000,300,0.0,0,2,SUCCESS,35240.0,35280.0,35240.0,40.0,35280.0
1956,50000,1,3000,300,0.0,1,3,SUCCESS,42920.0,43120.0,42920.0,200.0,43120.0
1957,10000,1,3000,300,0.0,0,4,SUCCESS,35240.0,35280.0,35240.0,40.0,35280.0
1958,100000,1,3000,300,0.0,1,5,SUCCESS,42720.0,43120.0,42720.0,400.0,43120.0
1959,50000,1,3000,300,0.0,0,6,SUCCESS,35080.0,35280.0,35080.0,200.0,35280.0
1960,10000,1,3000,300,0.0,1,7,SUCCESS,43080.0,43120.0,43080.0,40.0,43120.0
1961,10000,1,3000,300,0.0,0,0,SUCCESS,35280.0,35320.0,35280.0,40.0,35320.0
1962,50000,1,3000,300,0.0,1,1,SUCCESS,43120.0,43320.0,43120.0,200.0,43320.0
1963,100000,1,3000,300,0.0,0,2,SUCCESS,35280.0,35680.0,35280.0,400.0,35680.0
1964,10000,1,3000,300,0.0,1,3,SUCCESS,43120.0,43160.0,43120.0,40.0,43160.0
1965,10000,1,3000,300,0.0,0,4,SUCCESS,35280.0,35320.0,35280.0,40.0,35320.0
1966,50000,1,3000,300,0.0,1,5,SUCCESS,43120.0,43320.0,43120.0,200.0,43320.0
1967,10000,1,3000,300,0.0,0,6,SUCCESS,35280.0,35320.0,35280.0,40.0,35320.0
1968,100000,1,3000,300,0.0,1,7,SUCCESS,43120.0,43520.0,43120.0,400.0,43520.0
1969,50000,1,3000,300,0.0,0,0,SUCCESS,35320.0,35520.0,35320.0,200.0,35520.0
1970,10000,1,3000,300,0.0,1,1,SUCCESS,43320.0,43360.0,43320.0,40.0,43360.0
1971,10000,1,3000,300,0.0,0,2,SUCCESS,35680.0,35720.0,35680.0,40.0,35720.0
1972,50000,1,3000,300,0.0,1,3,SUCCESS,43160.0,43360.0,43160.0,200.0,43360.0
1973,100000,1,3000,300,0.0,0,4,SUCCESS,35320.0,35720.0,35320.0,400.0,35720.0
1974,10000,1,3000,300,0.0,1,5,SUCCESS,43320.0,43360.0,43320.0,40.0,43360.0
1975,10000,1,3000,300,0.0,0,6,SUCCESS,35320.0,35360.0,35320.0,40.0,35360.0
1976,50000,1,3000,300,0.0,1,7,SUCCESS,43520.0,43720.0,43520.0,200.0,43720.0
1977,10000,1,3000,300,0.0,0,0,SUCCESS,35520.0,35560.0,35520.0,40.0,35560.0
1978,100000,1,3000,300,0.0,1,1,SUCCESS,43360.0,43760.0,43360.0,400.0,43760.0
1979,50000,1,3000,300,0.0,0,2,SUCCESS,35720.0,35920.0,35720.0,200.0,35920.0
1980,10000,1,3000,300,0.0,1,3,SUCCESS,43360.0,43400.0,43360.0,40.0,43400.0
1981,10000,1,3000,300,0.0,0,4,SUCCESS,35720.0,35760.0,35720.0,40.0,35760.0
1982,50000,1,3000,300,0.0,1,5,SUCCESS,43360.0,43560.0,43360.0,200.0,43560.0
1983,100000,1,3000,300,0.0,0,6,SUCCESS,35360.0,35760.0,35360.0,400.0,35760.0
1984,10000,1,3000,300,0.0,1,7,SUCCESS,43720.0,43760.0,43720.0,40.0,43760.0
1985,10000,1,3000,300,0.0,0,0,SUCCESS,35560.0,35600.0,35560.0,40.0,35600.0
1986,50000,1,3000,300,0.0,1,1,SUCCESS,43760.0,43960.0,43760.0,200.0,43960.0
1987,10000,1,3000,300,0.0,0,2,SUCCESS,35920.0,35960.0,35920.0,40.0,35960.0
1988,100000,1,3000,300,0.0,1,3,SUCCESS,43400.0,43800.0,43400.0,400.0,43800.0
1989,50000,1,3000,300,0.0,0,4,SUCCESS,35760.0,35960.0,35760.0,200.0,35960.0
1990,10000,1,3000,300,0.0,1,5,SUCCESS,43560.0,43600.0,43560.0,40.0,43600.0
1991,10000,1,3000,300,0.0,0,6,SUCCESS,35760.0,35800.0,35760.0,40.0,35800.0
1992,50000,1,3000,300,0.0,1,7,SUCCESS,43760.0,43960.0,43760.0,200.0,43960.0
1993,100000,1,3000,300,0.0,0,0,SUCCESS,35600.0,36000.0,35600.0,400.0,36000.0
1994,10000,1,3000,300,0.0,1,1,SUCCESS,43960.0,44000.0,43960.0,40.0,44000.0
1995,10000,1,3000,300,0.0,0,2,SUCCESS,35960.0,36000.0,35960.0,40.0,36000.0
1996,50000,1,3000,300,0.0,1,3,SUCCESS,43800.0,44000.0,43800.0,200.0,44000.0
1997,10000,1,3000,300,0.0,0,4,SUCCESS,35960.0,36000.0,35960.0,40.0,36000.0
1998,100000,1,3000,300,0.0,1,5,SUCCESS,43600.0,44000.0,43600.0,400.0,44000.0
1999,50000,1,3000,300,0.0,0,6,SUCCESS,35800.0,36000.0,35800.0,200.0,36000.0
2000,10000,1,3000,300,0.0,1,7,SUCCESS,43960.0,44000.0,43960.0,40.0,44000.0
